T,TM,Tm,SLP,H,V,VV,VM,PM 2.5
19.2,25.9,11.9,1017,84,0.8,2.6,9,284.7958333
19.2,25.9,11.9,1017,84,0.8,2.6,9,284.7958333
19.2,25.9,11.9,1017,84,0.8,2.6,9,284.7958333
19.2,25.9,11.9,1017,84,0.8,2.6,9,284.7958333
19.2,25.9,11.9,1017,84,0.8,2.6,9,284.7958333
19.2,25.9,11.9,1017,84,0.8,2.6,9,284.7958333
19.2,25.9,11.9,1017,84,0.8,2.6,9,284.7958333
19.2,25.9,11.9,1017,84,0.8,2.6,9,284.7958333
19.2,25.9,11.9,1017,84,0.8,2.6,9,284.7958333
18.9,25.8,11.5,1017,77,0.6,5,13,219.7208333
18.9,25.8,11.5,1017,77,0.6,5,13,219.7208333
18.9,25.8,11.5,1017,77,0.6,5,13,219.7208333
18.9,25.8,11.5,1017,77,0.6,5,13,219.7208333
18.9,25.8,11.5,1017,77,0.6,5,13,219.7208333
18.9,25.8,11.5,1017,77,0.6,5,13,219.7208333
18.9,25.8,11.5,1017,77,0.6,5,13,219.7208333
18.9,25.8,11.5,1017,77,0.6,5,13,219.7208333
18.9,25.8,11.5,1017,77,0.6,5,13,219.7208333
19.3,27,11.7,1019,57,1.8,5.2,11,182.1875
19.3,27,11.7,1019,57,1.8,5.2,11,182.1875
19.3,27,11.7,1019,57,1.8,5.2,11,182.1875
19.3,27,11.7,1019,57,1.8,5.2,11,182.1875
19.3,27,11.7,1019,57,1.8,5.2,11,182.1875
19.3,27,11.7,1019,57,1.8,5.2,11,182.1875
19.3,27,11.7,1019,57,1.8,5.2,11,182.1875
19.3,27,11.7,1019,57,1.8,5.2,11,182.1875
19.3,27,11.7,1019,57,1.8,5.2,11,182.1875
17.8,24.8,11.2,1017,74,0.6,0.7,7,154.0375
17.8,24.8,11.2,1017,74,0.6,0.7,7,154.0375
17.8,24.8,11.2,1017,74,0.6,0.7,7,154.0375
17.8,24.8,11.2,1017,74,0.6,0.7,7,154.0375
17.8,24.8,11.2,1017,74,0.6,0.7,7,154.0375
17.8,24.8,11.2,1017,74,0.6,0.7,7,154.0375
17.8,24.8,11.2,1017,74,0.6,0.7,7,154.0375
17.8,24.8,11.2,1017,74,0.6,0.7,7,154.0375
17.8,24.8,11.2,1017,74,0.6,0.7,7,154.0375
15.8,24.3,8.7,1015,77,0.8,1.7,7,223.2083333
15.8,24.3,8.7,1015,77,0.8,1.7,7,223.2083333
15.8,24.3,8.7,1015,77,0.8,1.7,7,223.2083333
15.8,24.3,8.7,1015,77,0.8,1.7,7,223.2083333
15.8,24.3,8.7,1015,77,0.8,1.7,7,223.2083333
15.8,24.3,8.7,1015,77,0.8,1.7,7,223.2083333
15.8,24.3,8.7,1015,77,0.8,1.7,7,223.2083333
15.8,24.3,8.7,1015,77,0.8,1.7,7,223.2083333
15.8,24.3,8.7,1015,77,0.8,1.7,7,223.2083333
18.2,27,7.7,1013,72,0.6,1.1,7,200.6458333
18.2,27,7.7,1013,72,0.6,1.1,7,200.6458333
18.2,27,7.7,1013,72,0.6,1.1,7,200.6458333
18.2,27,7.7,1013,72,0.6,1.1,7,200.6458333
18.2,27,7.7,1013,72,0.6,1.1,7,200.6458333
18.2,27,7.7,1013,72,0.6,1.1,7,200.6458333
18.2,27,7.7,1013,72,0.6,1.1,7,200.6458333
18.2,27,7.7,1013,72,0.6,1.1,7,200.6458333
18.2,27,7.7,1013,72,0.6,1.1,7,200.6458333
19,27.1,10.5,1015,61,1.6,3.3,9,285.225
19,27.1,10.5,1015,61,1.6,3.3,9,285.225
19,27.1,10.5,1015,61,1.6,3.3,9,285.225
19,27.1,10.5,1015,61,1.6,3.3,9,285.225
19,27.1,10.5,1015,61,1.6,3.3,9,285.225
19,27.1,10.5,1015,61,1.6,3.3,9,285.225
19,27.1,10.5,1015,61,1.6,3.3,9,285.225
19,27.1,10.5,1015,61,1.6,3.3,9,285.225
19,27.1,10.5,1015,61,1.6,3.3,9,285.225
18,26.6,10.5,1017,61,1.9,8,14,236.825
18,26.6,10.5,1017,61,1.9,8,14,236.825
18,26.6,10.5,1017,61,1.9,8,14,236.825
18,26.6,10.5,1017,61,1.9,8,14,236.825
18,26.6,10.5,1017,61,1.9,8,14,236.825
18,26.6,10.5,1017,61,1.9,8,14,236.825
18,26.6,10.5,1017,61,1.9,8,14,236.825
18,26.6,10.5,1017,61,1.9,8,14,236.825
18,26.6,10.5,1017,61,1.9,8,14,236.825
17.2,24.2,10,1017,58,1.6,9.3,22,276.9083333
17.2,24.2,10,1017,58,1.6,9.3,22,276.9083333
17.2,24.2,10,1017,58,1.6,9.3,22,276.9083333
17.2,24.2,10,1017,58,1.6,9.3,22,276.9083333
17.2,24.2,10,1017,58,1.6,9.3,22,276.9083333
17.2,24.2,10,1017,58,1.6,9.3,22,276.9083333
17.2,24.2,10,1017,58,1.6,9.3,22,276.9083333
17.2,24.2,10,1017,58,1.6,9.3,22,276.9083333
17.2,24.2,10,1017,58,1.6,9.3,22,276.9083333
16.3,23,6.6,1016,61,1,9.4,20,108
16.3,23,6.6,1016,61,1,9.4,20,108
16.3,23,6.6,1016,61,1,9.4,20,108
16.3,23,6.6,1016,61,1,9.4,20,108
16.3,23,6.6,1016,61,1,9.4,20,108
16.3,23,6.6,1016,61,1,9.4,20,108
16.3,23,6.6,1016,61,1,9.4,20,108
16.3,23,6.6,1016,61,1,9.4,20,108
16.3,23,6.6,1016,61,1,9.4,20,108
18.1,24,11.2,1015,56,1.8,15.9,25,107.625
18.1,24,11.2,1015,56,1.8,15.9,25,107.625
18.1,24,11.2,1015,56,1.8,15.9,25,107.625
18.1,24,11.2,1015,56,1.8,15.9,25,107.625
18.1,24,11.2,1015,56,1.8,15.9,25,107.625
18.1,24,11.2,1015,56,1.8,15.9,25,107.625
18.1,24,11.2,1015,56,1.8,15.9,25,107.625
18.1,24,11.2,1015,56,1.8,15.9,25,107.625
18.1,24,11.2,1015,56,1.8,15.9,25,107.625
17.8,25,10.7,1015,54,2.3,9.4,22,125.8916667
17.8,25,10.7,1015,54,2.3,9.4,22,125.8916667
17.8,25,10.7,1015,54,2.3,9.4,22,125.8916667
17.8,25,10.7,1015,54,2.3,9.4,22,125.8916667
17.8,25,10.7,1015,54,2.3,9.4,22,125.8916667
17.8,25,10.7,1015,54,2.3,9.4,22,125.8916667
17.8,25,10.7,1015,54,2.3,9.4,22,125.8916667
17.8,25,10.7,1015,54,2.3,9.4,22,125.8916667
17.8,25,10.7,1015,54,2.3,9.4,22,125.8916667
13.9,24.5,11.4,1015,95,0.6,8.7,14,181.0125
13.9,24.5,11.4,1015,95,0.6,8.7,14,181.0125
13.9,24.5,11.4,1015,95,0.6,8.7,14,181.0125
13.9,24.5,11.4,1015,95,0.6,8.7,14,181.0125
13.9,24.5,11.4,1015,95,0.6,8.7,14,181.0125
13.9,24.5,11.4,1015,95,0.6,8.7,14,181.0125
13.9,24.5,11.4,1015,95,0.6,8.7,14,181.0125
13.9,24.5,11.4,1015,95,0.6,8.7,14,181.0125
13.9,24.5,11.4,1015,95,0.6,8.7,14,181.0125
16.3,23,9.8,1016,78,1.1,7.4,16,152.5541667
16.3,23,9.8,1016,78,1.1,7.4,16,152.5541667
16.3,23,9.8,1016,78,1.1,7.4,16,152.5541667
16.3,23,9.8,1016,78,1.1,7.4,16,152.5541667
16.3,23,9.8,1016,78,1.1,7.4,16,152.5541667
16.3,23,9.8,1016,78,1.1,7.4,16,152.5541667
16.3,23,9.8,1016,78,1.1,7.4,16,152.5541667
16.3,23,9.8,1016,78,1.1,7.4,16,152.5541667
16.3,23,9.8,1016,78,1.1,7.4,16,152.5541667
16.3,23.4,9,1017,68,1.3,7.8,18,152.3208333
16.3,23.4,9,1017,68,1.3,7.8,18,152.3208333
16.3,23.4,9,1017,68,1.3,7.8,18,152.3208333
16.3,23.4,9,1017,68,1.3,7.8,18,152.3208333
16.3,23.4,9,1017,68,1.3,7.8,18,152.3208333
16.3,23.4,9,1017,68,1.3,7.8,18,152.3208333
16.3,23.4,9,1017,68,1.3,7.8,18,152.3208333
16.3,23.4,9,1017,68,1.3,7.8,18,152.3208333
16.3,23.4,9,1017,68,1.3,7.8,18,152.3208333
23.4,31.1,14.2,1016,60,1.1,3,7,332.7083333
23.4,31.1,14.2,1016,60,1.1,3,7,332.7083333
23.4,31.1,14.2,1016,60,1.1,3,7,332.7083333
23.4,31.1,14.2,1016,60,1.1,3,7,332.7083333
23.4,31.1,14.2,1016,60,1.1,3,7,332.7083333
23.4,31.1,14.2,1016,60,1.1,3,7,332.7083333
23.4,31.1,14.2,1016,60,1.1,3,7,332.7083333
23.4,31.1,14.2,1016,60,1.1,3,7,332.7083333
23.4,31.1,14.2,1016,60,1.1,3,7,332.7083333
22.6,30.6,15.8,1015,69,0.5,1.1,5,279.6
22.6,30.6,15.8,1015,69,0.5,1.1,5,279.6
22.6,30.6,15.8,1015,69,0.5,1.1,5,279.6
22.6,30.6,15.8,1015,69,0.5,1.1,5,279.6
22.6,30.6,15.8,1015,69,0.5,1.1,5,279.6
22.6,30.6,15.8,1015,69,0.5,1.1,5,279.6
22.6,30.6,15.8,1015,69,0.5,1.1,5,279.6
22.6,30.6,15.8,1015,69,0.5,1.1,5,279.6
22.6,30.6,15.8,1015,69,0.5,1.1,5,279.6
23.9,32,14.5,1015,63,1,2,5,179.1166667
23.9,32,14.5,1015,63,1,2,5,179.1166667
23.9,32,14.5,1015,63,1,2,5,179.1166667
23.9,32,14.5,1015,63,1,2,5,179.1166667
23.9,32,14.5,1015,63,1,2,5,179.1166667
23.9,32,14.5,1015,63,1,2,5,179.1166667
23.9,32,14.5,1015,63,1,2,5,179.1166667
23.9,32,14.5,1015,63,1,2,5,179.1166667
23.9,32,14.5,1015,63,1,2,5,179.1166667
23.2,30.2,14,1012,55,1.1,7.4,18,54.79166667
23.2,30.2,14,1012,55,1.1,7.4,18,54.79166667
23.2,30.2,14,1012,55,1.1,7.4,18,54.79166667
23.2,30.2,14,1012,55,1.1,7.4,18,54.79166667
23.2,30.2,14,1012,55,1.1,7.4,18,54.79166667
23.2,30.2,14,1012,55,1.1,7.4,18,54.79166667
23.2,30.2,14,1012,55,1.1,7.4,18,54.79166667
23.2,30.2,14,1012,55,1.1,7.4,18,54.79166667
23.2,30.2,14,1012,55,1.1,7.4,18,54.79166667
22.5,29.5,15.6,1013,56,1.1,11.7,22,93.375
22.5,29.5,15.6,1013,56,1.1,11.7,22,93.375
22.5,29.5,15.6,1013,56,1.1,11.7,22,93.375
22.5,29.5,15.6,1013,56,1.1,11.7,22,93.375
22.5,29.5,15.6,1013,56,1.1,11.7,22,93.375
22.5,29.5,15.6,1013,56,1.1,11.7,22,93.375
22.5,29.5,15.6,1013,56,1.1,11.7,22,93.375
22.5,29.5,15.6,1013,56,1.1,11.7,22,93.375
22.5,29.5,15.6,1013,56,1.1,11.7,22,93.375
21.7,30,12.2,1014,52,1.1,6.3,16,103
21.7,30,12.2,1014,52,1.1,6.3,16,103
21.7,30,12.2,1014,52,1.1,6.3,16,103
21.7,30,12.2,1014,52,1.1,6.3,16,103
21.7,30,12.2,1014,52,1.1,6.3,16,103
21.7,30,12.2,1014,52,1.1,6.3,16,103
21.7,30,12.2,1014,52,1.1,6.3,16,103
21.7,30,12.2,1014,52,1.1,6.3,16,103
21.7,30,12.2,1014,52,1.1,6.3,16,103
22.2,30.2,13.6,1015,63,1.6,1.5,3,127.7083333
22.2,30.2,13.6,1015,63,1.6,1.5,3,127.7083333
22.2,30.2,13.6,1015,63,1.6,1.5,3,127.7083333
22.2,30.2,13.6,1015,63,1.6,1.5,3,127.7083333
22.2,30.2,13.6,1015,63,1.6,1.5,3,127.7083333
22.2,30.2,13.6,1015,63,1.6,1.5,3,127.7083333
22.2,30.2,13.6,1015,63,1.6,1.5,3,127.7083333
22.2,30.2,13.6,1015,63,1.6,1.5,3,127.7083333
22.2,30.2,13.6,1015,63,1.6,1.5,3,127.7083333
20.8,29.3,12.1,1016,58,1.8,3.5,9,109.3333333
20.8,29.3,12.1,1016,58,1.8,3.5,9,109.3333333
20.8,29.3,12.1,1016,58,1.8,3.5,9,109.3333333
20.8,29.3,12.1,1016,58,1.8,3.5,9,109.3333333
20.8,29.3,12.1,1016,58,1.8,3.5,9,109.3333333
20.8,29.3,12.1,1016,58,1.8,3.5,9,109.3333333
20.8,29.3,12.1,1016,58,1.8,3.5,9,109.3333333
20.8,29.3,12.1,1016,58,1.8,3.5,9,109.3333333
20.8,29.3,12.1,1016,58,1.8,3.5,9,109.3333333
20.7,28.8,10.6,1017,56,1.8,6.1,16,0
20.7,28.8,10.6,1017,56,1.8,6.1,16,0
20.7,28.8,10.6,1017,56,1.8,6.1,16,0
20.7,28.8,10.6,1017,56,1.8,6.1,16,0
20.7,28.8,10.6,1017,56,1.8,6.1,16,0
20.7,28.8,10.6,1017,56,1.8,6.1,16,0
20.7,28.8,10.6,1017,56,1.8,6.1,16,0
20.7,28.8,10.6,1017,56,1.8,6.1,16,0
20.7,28.8,10.6,1017,56,1.8,6.1,16,0
20.8,29,10.5,1013,61,1.8,2.6,7,135.8333333
20.8,29,10.5,1013,61,1.8,2.6,7,135.8333333
20.8,29,10.5,1013,61,1.8,2.6,7,135.8333333
20.8,29,10.5,1013,61,1.8,2.6,7,135.8333333
20.8,29,10.5,1013,61,1.8,2.6,7,135.8333333
20.8,29,10.5,1013,61,1.8,2.6,7,135.8333333
20.8,29,10.5,1013,61,1.8,2.6,7,135.8333333
20.8,29,10.5,1013,61,1.8,2.6,7,135.8333333
20.8,29,10.5,1013,61,1.8,2.6,7,135.8333333
22,31,10.7,1013,56,1.8,2.4,14,122.5
22,31,10.7,1013,56,1.8,2.4,14,122.5
22,31,10.7,1013,56,1.8,2.4,14,122.5
22,31,10.7,1013,56,1.8,2.4,14,122.5
22,31,10.7,1013,56,1.8,2.4,14,122.5
22,31,10.7,1013,56,1.8,2.4,14,122.5
22,31,10.7,1013,56,1.8,2.4,14,122.5
22,31,10.7,1013,56,1.8,2.4,14,122.5
22,31,10.7,1013,56,1.8,2.4,14,122.5
21.4,30.6,10.8,1011,54,2.6,7.8,18,119.3333333
21.4,30.6,10.8,1011,54,2.6,7.8,18,119.3333333
21.4,30.6,10.8,1011,54,2.6,7.8,18,119.3333333
21.4,30.6,10.8,1011,54,2.6,7.8,18,119.3333333
21.4,30.6,10.8,1011,54,2.6,7.8,18,119.3333333
21.4,30.6,10.8,1011,54,2.6,7.8,18,119.3333333
21.4,30.6,10.8,1011,54,2.6,7.8,18,119.3333333
21.4,30.6,10.8,1011,54,2.6,7.8,18,119.3333333
21.4,30.6,10.8,1011,54,2.6,7.8,18,119.3333333
24.2,31,16.5,1013,36,2.9,13.9,22,79.83333333
24.2,31,16.5,1013,36,2.9,13.9,22,79.83333333
24.2,31,16.5,1013,36,2.9,13.9,22,79.83333333
24.2,31,16.5,1013,36,2.9,13.9,22,79.83333333
24.2,31,16.5,1013,36,2.9,13.9,22,79.83333333
24.2,31,16.5,1013,36,2.9,13.9,22,79.83333333
24.2,31,16.5,1013,36,2.9,13.9,22,79.83333333
24.2,31,16.5,1013,36,2.9,13.9,22,79.83333333
24.2,31,16.5,1013,36,2.9,13.9,22,79.83333333
22.7,30.8,13.6,1012,38,3.4,11.9,20,62.70833333
22.7,30.8,13.6,1012,38,3.4,11.9,20,62.70833333
22.7,30.8,13.6,1012,38,3.4,11.9,20,62.70833333
22.7,30.8,13.6,1012,38,3.4,11.9,20,62.70833333
22.7,30.8,13.6,1012,38,3.4,11.9,20,62.70833333
22.7,30.8,13.6,1012,38,3.4,11.9,20,62.70833333
22.7,30.8,13.6,1012,38,3.4,11.9,20,62.70833333
22.7,30.8,13.6,1012,38,3.4,11.9,20,62.70833333
22.7,30.8,13.6,1012,38,3.4,11.9,20,62.70833333
21.4,29.6,12.7,1013,40,2.6,8,20,81.04166667
21.4,29.6,12.7,1013,40,2.6,8,20,81.04166667
21.4,29.6,12.7,1013,40,2.6,8,20,81.04166667
21.4,29.6,12.7,1013,40,2.6,8,20,81.04166667
21.4,29.6,12.7,1013,40,2.6,8,20,81.04166667
21.4,29.6,12.7,1013,40,2.6,8,20,81.04166667
21.4,29.6,12.7,1013,40,2.6,8,20,81.04166667
21.4,29.6,12.7,1013,40,2.6,8,20,81.04166667
21.4,29.6,12.7,1013,40,2.6,8,20,81.04166667
31.9,36,26.5,1007,66,2.3,2.4,7,1.833333333
31.9,36,26.5,1007,66,2.3,2.4,7,1.833333333
31.9,36,26.5,1007,66,2.3,2.4,7,1.833333333
31.9,36,26.5,1007,66,2.3,2.4,7,1.833333333
31.9,36,26.5,1007,66,2.3,2.4,7,1.833333333
31.9,36,26.5,1007,66,2.3,2.4,7,1.833333333
31.9,36,26.5,1007,66,2.3,2.4,7,1.833333333
31.9,36,26.5,1007,66,2.3,2.4,7,1.833333333
31.9,36,26.5,1007,66,2.3,2.4,7,1.833333333
32.4,36.4,27.5,1007,65,3.1,3.5,11,1.791666667
32.4,36.4,27.5,1007,65,3.1,3.5,11,1.791666667
32.4,36.4,27.5,1007,65,3.1,3.5,11,1.791666667
32.4,36.4,27.5,1007,65,3.1,3.5,11,1.791666667
32.4,36.4,27.5,1007,65,3.1,3.5,11,1.791666667
32.4,36.4,27.5,1007,65,3.1,3.5,11,1.791666667
32.4,36.4,27.5,1007,65,3.1,3.5,11,1.791666667
32.4,36.4,27.5,1007,65,3.1,3.5,11,1.791666667
32.4,36.4,27.5,1007,65,3.1,3.5,11,1.791666667
32.7,36.1,27.7,0,64,2.6,3.3,7,31.625
32.7,36.1,27.7,0,64,2.6,3.3,7,31.625
32.7,36.1,27.7,0,64,2.6,3.3,7,31.625
30.3,35,24.7,1007,62,2.3,7.6,18,122.7083333
30.3,35,24.7,1007,62,2.3,7.6,18,122.7083333
30.3,35,24.7,1007,62,2.3,7.6,18,122.7083333
30.3,35,24.7,1007,62,2.3,7.6,18,122.7083333
30.3,35,24.7,1007,62,2.3,7.6,18,122.7083333
30.3,35,24.7,1007,62,2.3,7.6,18,122.7083333
30.3,35,24.7,1007,62,2.3,7.6,18,122.7083333
30.3,35,24.7,1007,62,2.3,7.6,18,122.7083333
30.3,35,24.7,1007,62,2.3,7.6,18,122.7083333
29.9,35,23,1006,60,2.6,6.7,24,76.54166667
29.9,35,23,1006,60,2.6,6.7,24,76.54166667
29.9,35,23,1006,60,2.6,6.7,24,76.54166667
29.9,35,23,1006,60,2.6,6.7,24,76.54166667
29.9,35,23,1006,60,2.6,6.7,24,76.54166667
29.9,35,23,1006,60,2.6,6.7,24,76.54166667
29.9,35,23,1006,60,2.6,6.7,24,76.54166667
29.9,35,23,1006,60,2.6,6.7,24,76.54166667
29.9,35,23,1006,60,2.6,6.7,24,76.54166667
30,36,22.5,1004,63,2.6,3,7,159.0833333
30,36,22.5,1004,63,2.6,3,7,159.0833333
30,36,22.5,1004,63,2.6,3,7,159.0833333
30,36,22.5,1004,63,2.6,3,7,159.0833333
30,36,22.5,1004,63,2.6,3,7,159.0833333
30,36,22.5,1004,63,2.6,3,7,159.0833333
30,36,22.5,1004,63,2.6,3,7,159.0833333
30,36,22.5,1004,63,2.6,3,7,159.0833333
30,36,22.5,1004,63,2.6,3,7,159.0833333
28.6,35,19.8,1008,49,3.7,11.5,22,77.20833333
28.6,35,19.8,1008,49,3.7,11.5,22,77.20833333
28.6,35,19.8,1008,49,3.7,11.5,22,77.20833333
28.6,35,19.8,1008,49,3.7,11.5,22,77.20833333
28.6,35,19.8,1008,49,3.7,11.5,22,77.20833333
28.6,35,19.8,1008,49,3.7,11.5,22,77.20833333
28.6,35,19.8,1008,49,3.7,11.5,22,77.20833333
28.6,35,19.8,1008,49,3.7,11.5,22,77.20833333
28.6,35,19.8,1008,49,3.7,11.5,22,77.20833333
28.3,35.2,19,1009,53,3.4,9.1,35,87.83333333
28.3,35.2,19,1009,53,3.4,9.1,35,87.83333333
28.3,35.2,19,1009,53,3.4,9.1,35,87.83333333
28.3,35.2,19,1009,53,3.4,9.1,35,87.83333333
28.3,35.2,19,1009,53,3.4,9.1,35,87.83333333
28.3,35.2,19,1009,53,3.4,9.1,35,87.83333333
28.3,35.2,19,1009,53,3.4,9.1,35,87.83333333
28.3,35.2,19,1009,53,3.4,9.1,35,87.83333333
28.3,35.2,19,1009,53,3.4,9.1,35,87.83333333
26.8,35.2,17.5,1010,57,2.6,5.7,13,90.04166667
26.8,35.2,17.5,1010,57,2.6,5.7,13,90.04166667
26.8,35.2,17.5,1010,57,2.6,5.7,13,90.04166667
26.8,35.2,17.5,1010,57,2.6,5.7,13,90.04166667
26.8,35.2,17.5,1010,57,2.6,5.7,13,90.04166667
26.8,35.2,17.5,1010,57,2.6,5.7,13,90.04166667
26.8,35.2,17.5,1010,57,2.6,5.7,13,90.04166667
26.8,35.2,17.5,1010,57,2.6,5.7,13,90.04166667
26.8,35.2,17.5,1010,57,2.6,5.7,13,90.04166667
27.6,35,17.6,1007,53,3.1,5.9,13,64.79166667
27.6,35,17.6,1007,53,3.1,5.9,13,64.79166667
27.6,35,17.6,1007,53,3.1,5.9,13,64.79166667
27.6,35,17.6,1007,53,3.1,5.9,13,64.79166667
27.6,35,17.6,1007,53,3.1,5.9,13,64.79166667
27.6,35,17.6,1007,53,3.1,5.9,13,64.79166667
27.6,35,17.6,1007,53,3.1,5.9,13,64.79166667
27.6,35,17.6,1007,53,3.1,5.9,13,64.79166667
27.6,35,17.6,1007,53,3.1,5.9,13,64.79166667
27.7,35,18.6,1006,52,3.1,7.8,28,62.875
27.7,35,18.6,1006,52,3.1,7.8,28,62.875
27.7,35,18.6,1006,52,3.1,7.8,28,62.875
27.7,35,18.6,1006,52,3.1,7.8,28,62.875
27.7,35,18.6,1006,52,3.1,7.8,28,62.875
27.7,35,18.6,1006,52,3.1,7.8,28,62.875
27.7,35,18.6,1006,52,3.1,7.8,28,62.875
27.7,35,18.6,1006,52,3.1,7.8,28,62.875
27.7,35,18.6,1006,52,3.1,7.8,28,62.875
27.3,35,19,1007,55,3.2,7.2,27,88.375
27.3,35,19,1007,55,3.2,7.2,27,88.375
27.3,35,19,1007,55,3.2,7.2,27,88.375
27.3,35,19,1007,55,3.2,7.2,27,88.375
27.3,35,19,1007,55,3.2,7.2,27,88.375
27.3,35,19,1007,55,3.2,7.2,27,88.375
27.3,35,19,1007,55,3.2,7.2,27,88.375
27.3,35,19,1007,55,3.2,7.2,27,88.375
27.3,35,19,1007,55,3.2,7.2,27,88.375
27.2,34.5,19.5,1009,58,3.1,11.1,25,128.3333333
27.2,34.5,19.5,1009,58,3.1,11.1,25,128.3333333
27.2,34.5,19.5,1009,58,3.1,11.1,25,128.3333333
27.2,34.5,19.5,1009,58,3.1,11.1,25,128.3333333
27.2,34.5,19.5,1009,58,3.1,11.1,25,128.3333333
27.2,34.5,19.5,1009,58,3.1,11.1,25,128.3333333
27.2,34.5,19.5,1009,58,3.1,11.1,25,128.3333333
27.2,34.5,19.5,1009,58,3.1,11.1,25,128.3333333
27.2,34.5,19.5,1009,58,3.1,11.1,25,128.3333333
26.4,33,18.4,1012,60,2.6,4.6,14,87.58333333
26.4,33,18.4,1012,60,2.6,4.6,14,87.58333333
26.4,33,18.4,1012,60,2.6,4.6,14,87.58333333
26.4,33,18.4,1012,60,2.6,4.6,14,87.58333333
26.4,33,18.4,1012,60,2.6,4.6,14,87.58333333
26.4,33,18.4,1012,60,2.6,4.6,14,87.58333333
26.4,33,18.4,1012,60,2.6,4.6,14,87.58333333
26.4,33,18.4,1012,60,2.6,4.6,14,87.58333333
26.4,33,18.4,1012,60,2.6,4.6,14,87.58333333
25.4,33.4,16.5,1014,62,1.6,5,14,2.916666667
25.4,33.4,16.5,1014,62,1.6,5,14,2.916666667
25.4,33.4,16.5,1014,62,1.6,5,14,2.916666667
25.4,33.4,16.5,1014,62,1.6,5,14,2.916666667
25.4,33.4,16.5,1014,62,1.6,5,14,2.916666667
25.4,33.4,16.5,1014,62,1.6,5,14,2.916666667
25.4,33.4,16.5,1014,62,1.6,5,14,2.916666667
25.4,33.4,16.5,1014,62,1.6,5,14,2.916666667
25.4,33.4,16.5,1014,62,1.6,5,14,2.916666667
23.7,31.7,15.5,1017,69,1,1.3,5,15.16666667
23.7,31.7,15.5,1017,69,1,1.3,5,15.16666667
23.7,31.7,15.5,1017,69,1,1.3,5,15.16666667
23.7,31.7,15.5,1017,69,1,1.3,5,15.16666667
23.7,31.7,15.5,1017,69,1,1.3,5,15.16666667
23.7,31.7,15.5,1017,69,1,1.3,5,15.16666667
23.7,31.7,15.5,1017,69,1,1.3,5,15.16666667
23.7,31.7,15.5,1017,69,1,1.3,5,15.16666667
23.7,31.7,15.5,1017,69,1,1.3,5,15.16666667
27.8,31,25.2,1001,88,2.4,4.6,7,21.25
27.8,31,25.2,1001,88,2.4,4.6,7,21.25
27.8,31,25.2,1001,88,2.4,4.6,7,21.25
27.8,31,25.2,1001,88,2.4,4.6,7,21.25
27.8,31,25.2,1001,88,2.4,4.6,7,21.25
27.8,31,25.2,1001,88,2.4,4.6,7,21.25
27.8,31,25.2,1001,88,2.4,4.6,7,21.25
27.8,31,25.2,1001,88,2.4,4.6,7,21.25
27.8,31,25.2,1001,88,2.4,4.6,7,21.25
30.7,34,25.5,1000,73,2.6,13.7,22,25.75
30.7,34,25.5,1000,73,2.6,13.7,22,25.75
30.7,34,25.5,1000,73,2.6,13.7,22,25.75
30.7,34,25.5,1000,73,2.6,13.7,22,25.75
30.7,34,25.5,1000,73,2.6,13.7,22,25.75
30.7,34,25.5,1000,73,2.6,13.7,22,25.75
30.7,34,25.5,1000,73,2.6,13.7,22,25.75
30.7,34,25.5,1000,73,2.6,13.7,22,25.75
30.7,34,25.5,1000,73,2.6,13.7,22,25.75
30.7,34,25,1000,65,3.4,12,27,52.41666667
30.7,34,25,1000,65,3.4,12,27,52.41666667
30.7,34,25,1000,65,3.4,12,27,52.41666667
30.7,34,25,1000,65,3.4,12,27,52.41666667
30.7,34,25,1000,65,3.4,12,27,52.41666667
30.7,34,25,1000,65,3.4,12,27,52.41666667
30.7,34,25,1000,65,3.4,12,27,52.41666667
30.7,34,25,1000,65,3.4,12,27,52.41666667
30.7,34,25,1000,65,3.4,12,27,52.41666667
31.1,35,25,1003,64,3.2,10.4,18,117.75
31.1,35,25,1003,64,3.2,10.4,18,117.75
31.1,35,25,1003,64,3.2,10.4,18,117.75
31.1,35,25,1003,64,3.2,10.4,18,117.75
31.1,35,25,1003,64,3.2,10.4,18,117.75
31.1,35,25,1003,64,3.2,10.4,18,117.75
31.1,35,25,1003,64,3.2,10.4,18,117.75
31.1,35,25,1003,64,3.2,10.4,18,117.75
31.1,35,25,1003,64,3.2,10.4,18,117.75
31.3,35,26,1004,63,3.2,11.5,18,20.79166667
31.3,35,26,1004,63,3.2,11.5,18,20.79166667
31.3,35,26,1004,63,3.2,11.5,18,20.79166667
31.3,35,26,1004,63,3.2,11.5,18,20.79166667
31.3,35,26,1004,63,3.2,11.5,18,20.79166667
31.3,35,26,1004,63,3.2,11.5,18,20.79166667
31.3,35,26,1004,63,3.2,11.5,18,20.79166667
31.3,35,26,1004,63,3.2,11.5,18,20.79166667
31.3,35,26,1004,63,3.2,11.5,18,20.79166667
31.5,35.5,26.1,0,60,3.2,13.5,22,64.79166667
31.5,35.5,26.1,0,60,3.2,13.5,22,64.79166667
31.5,35.5,26.1,0,60,3.2,13.5,22,64.79166667
31.4,36,26.7,1006,65,3.1,8.3,13,104.625
31.4,36,26.7,1006,65,3.1,8.3,13,104.625
31.4,36,26.7,1006,65,3.1,8.3,13,104.625
31.4,36,26.7,1006,65,3.1,8.3,13,104.625
31.4,36,26.7,1006,65,3.1,8.3,13,104.625
31.4,36,26.7,1006,65,3.1,8.3,13,104.625
31.4,36,26.7,1006,65,3.1,8.3,13,104.625
31.4,36,26.7,1006,65,3.1,8.3,13,104.625
31.4,36,26.7,1006,65,3.1,8.3,13,104.625
30.4,35.6,25.7,1006,72,2.9,4.3,14,109.625
30.4,35.6,25.7,1006,72,2.9,4.3,14,109.625
30.4,35.6,25.7,1006,72,2.9,4.3,14,109.625
30.4,35.6,25.7,1006,72,2.9,4.3,14,109.625
30.4,35.6,25.7,1006,72,2.9,4.3,14,109.625
30.4,35.6,25.7,1006,72,2.9,4.3,14,109.625
30.4,35.6,25.7,1006,72,2.9,4.3,14,109.625
30.4,35.6,25.7,1006,72,2.9,4.3,14,109.625
30.4,35.6,25.7,1006,72,2.9,4.3,14,109.625
31.6,35,25.7,1005,63,2.6,3.7,0,63.45833333
31.6,35,25.7,1005,63,2.6,3.7,0,63.45833333
31.6,35,25.7,1005,63,2.6,3.7,0,63.45833333
31.6,35,25.7,1005,63,2.6,3.7,0,63.45833333
31.6,35,25.7,1005,63,2.6,3.7,0,63.45833333
31.6,35,25.7,1005,63,2.6,3.7,0,63.45833333
31.6,35,25.7,1005,63,2.6,3.7,0,63.45833333
31.7,37.1,26,1003,63,2.9,1.7,5,0
31.7,37.1,26,1003,63,2.9,1.7,5,0
31.7,37.1,26,1003,63,2.9,1.7,5,0
31.7,37.1,26,1003,63,2.9,1.7,5,0
31.7,37.1,26,1003,63,2.9,1.7,5,0
31.7,37.1,26,1003,63,2.9,1.7,5,0
31.7,37.1,26,1003,63,2.9,1.7,5,0
31.7,37.1,26,1003,63,2.9,1.7,5,0
31.7,37.1,26,1003,63,2.9,1.7,5,0
32.5,37.2,25.3,1003,59,3.1,1.7,7,30.875
32.5,37.2,25.3,1003,59,3.1,1.7,7,30.875
32.5,37.2,25.3,1003,59,3.1,1.7,7,30.875
32.5,37.2,25.3,1003,59,3.1,1.7,7,30.875
32.5,37.2,25.3,1003,59,3.1,1.7,7,30.875
32.5,37.2,25.3,1003,59,3.1,1.7,7,30.875
32.5,37.2,25.3,1003,59,3.1,1.7,7,30.875
32.5,37.2,25.3,1003,59,3.1,1.7,7,30.875
32.5,37.2,25.3,1003,59,3.1,1.7,7,30.875
32.6,37.4,27,1005,63,2.6,6.3,13,75.58333333
32.6,37.4,27,1005,63,2.6,6.3,13,75.58333333
32.6,37.4,27,1005,63,2.6,6.3,13,75.58333333
32.6,37.4,27,1005,63,2.6,6.3,13,75.58333333
32.6,37.4,27,1005,63,2.6,6.3,13,75.58333333
32.6,37.4,27,1005,63,2.6,6.3,13,75.58333333
32.6,37.4,27,1005,63,2.6,6.3,13,75.58333333
32.6,37.4,27,1005,63,2.6,6.3,13,75.58333333
32.6,37.4,27,1005,63,2.6,6.3,13,75.58333333
30.7,34.8,25.6,1004,66,2.6,3.3,11,0
30.7,34.8,25.6,1004,66,2.6,3.3,11,0
30.7,34.8,25.6,1004,66,2.6,3.3,11,0
30.7,34.8,25.6,1004,66,2.6,3.3,11,0
30.7,34.8,25.6,1004,66,2.6,3.3,11,0
30.7,34.8,25.6,1004,66,2.6,3.3,11,0
30.7,34.8,25.6,1004,66,2.6,3.3,11,0
30.7,34.8,25.6,1004,66,2.6,3.3,11,0
30.7,34.8,25.6,1004,66,2.6,3.3,11,0
31.2,35,25.2,0,63,2.7,3,9,0
31.2,35,25.2,0,63,2.7,3,9,0
31.2,35,25.2,0,63,2.7,3,9,0
31.4,35.2,26,1005,62,3.1,2,7,0
31.4,35.2,26,1005,62,3.1,2,7,0
31.4,35.2,26,1005,62,3.1,2,7,0
31.4,35.2,26,1005,62,3.1,2,7,0
31.4,35.2,26,1005,62,3.1,2,7,0
31.4,35.2,26,1005,62,3.1,2,7,0
31.4,35.2,26,1005,62,3.1,2,7,0
31.4,35.2,26,1005,62,3.1,2,7,0
31.4,35.2,26,1005,62,3.1,2,7,0
29.1,32.6,26.4,998,85,1.8,5.9,13,133.375
29.1,32.6,26.4,998,85,1.8,5.9,13,133.375
29.1,32.6,26.4,998,85,1.8,5.9,13,133.375
29.1,32.6,26.4,998,85,1.8,5.9,13,133.375
29.1,32.6,26.4,998,85,1.8,5.9,13,133.375
29.1,32.6,26.4,998,85,1.8,5.9,13,133.375
29.1,32.6,26.4,998,85,1.8,5.9,13,133.375
29.1,32.6,26.4,998,85,1.8,5.9,13,133.375
29.1,32.6,26.4,998,85,1.8,5.9,13,133.375
30.9,35,26,997,73,2.6,6.5,11,102.4166667
30.9,35,26,997,73,2.6,6.5,11,102.4166667
30.9,35,26,997,73,2.6,6.5,11,102.4166667
30.9,35,26,997,73,2.6,6.5,11,102.4166667
30.9,35,26,997,73,2.6,6.5,11,102.4166667
30.9,35,26,997,73,2.6,6.5,11,102.4166667
30.9,35,26,997,73,2.6,6.5,11,102.4166667
30.9,35,26,997,73,2.6,6.5,11,102.4166667
30.9,35,26,997,73,2.6,6.5,11,102.4166667
32.6,36,26.2,997,66,3.4,5.6,9,101.75
32.6,36,26.2,997,66,3.4,5.6,9,101.75
32.6,36,26.2,997,66,3.4,5.6,9,101.75
32.6,36,26.2,997,66,3.4,5.6,9,101.75
32.6,36,26.2,997,66,3.4,5.6,9,101.75
32.6,36,26.2,997,66,3.4,5.6,9,101.75
32.6,36,26.2,997,66,3.4,5.6,9,101.75
32.6,36,26.2,997,66,3.4,5.6,9,101.75
32.6,36,26.2,997,66,3.4,5.6,9,101.75
33.3,36,26.4,999,67,3.2,7.8,18,149.5833333
33.3,36,26.4,999,67,3.2,7.8,18,149.5833333
33.3,36,26.4,999,67,3.2,7.8,18,149.5833333
33.3,36,26.4,999,67,3.2,7.8,18,149.5833333
33.3,36,26.4,999,67,3.2,7.8,18,149.5833333
33.3,36,26.4,999,67,3.2,7.8,18,149.5833333
33.3,36,26.4,999,67,3.2,7.8,18,149.5833333
33.3,36,26.4,999,67,3.2,7.8,18,149.5833333
33.3,36,26.4,999,67,3.2,7.8,18,149.5833333
33.4,36.5,28.6,999,66,2.9,9.8,16,107.2916667
33.4,36.5,28.6,999,66,2.9,9.8,16,107.2916667
33.4,36.5,28.6,999,66,2.9,9.8,16,107.2916667
33.4,36.5,28.6,999,66,2.9,9.8,16,107.2916667
33.4,36.5,28.6,999,66,2.9,9.8,16,107.2916667
33.4,36.5,28.6,999,66,2.9,9.8,16,107.2916667
33.4,36.5,28.6,999,66,2.9,9.8,16,107.2916667
33.4,36.5,28.6,999,66,2.9,9.8,16,107.2916667
33.4,36.5,28.6,999,66,2.9,9.8,16,107.2916667
31.2,36.7,28,997,75,2.7,9.1,14,96.25
31.2,36.7,28,997,75,2.7,9.1,14,96.25
31.2,36.7,28,997,75,2.7,9.1,14,96.25
31.2,36.7,28,997,75,2.7,9.1,14,96.25
31.2,36.7,28,997,75,2.7,9.1,14,96.25
31.2,36.7,28,997,75,2.7,9.1,14,96.25
31.2,36.7,28,997,75,2.7,9.1,14,96.25
31.2,36.7,28,997,75,2.7,9.1,14,96.25
31.2,36.7,28,997,75,2.7,9.1,14,96.25
29.9,34,25.5,1000,80,1.4,3.3,11,128.125
29.9,34,25.5,1000,80,1.4,3.3,11,128.125
29.9,34,25.5,1000,80,1.4,3.3,11,128.125
29.9,34,25.5,1000,80,1.4,3.3,11,128.125
29.9,34,25.5,1000,80,1.4,3.3,11,128.125
29.9,34,25.5,1000,80,1.4,3.3,11,128.125
29.9,34,25.5,1000,80,1.4,3.3,11,128.125
29.9,34,25.5,1000,80,1.4,3.3,11,128.125
29.9,34,25.5,1000,80,1.4,3.3,11,128.125
29,33.7,26,999,85,2.1,6.5,22,108
29,33.7,26,999,85,2.1,6.5,22,108
29,33.7,26,999,85,2.1,6.5,22,108
29,33.7,26,999,85,2.1,6.5,22,108
29,33.7,26,999,85,2.1,6.5,22,108
29,33.7,26,999,85,2.1,6.5,22,108
29,33.7,26,999,85,2.1,6.5,22,108
29,33.7,26,999,85,2.1,6.5,22,108
29,33.7,26,999,85,2.1,6.5,22,108
31.3,34.5,27,997,71,3.2,12.2,22,125.625
31.3,34.5,27,997,71,3.2,12.2,22,125.625
31.3,34.5,27,997,71,3.2,12.2,22,125.625
31.3,34.5,27,997,71,3.2,12.2,22,125.625
31.3,34.5,27,997,71,3.2,12.2,22,125.625
31.3,34.5,27,997,71,3.2,12.2,22,125.625
31.3,34.5,27,997,71,3.2,12.2,22,125.625
31.3,34.5,27,997,71,3.2,12.2,22,125.625
31.3,34.5,27,997,71,3.2,12.2,22,125.625
31.7,34,26.4,999,71,2.6,2,11,94.375
31.7,34,26.4,999,71,2.6,2,11,94.375
31.7,34,26.4,999,71,2.6,2,11,94.375
31.7,34,26.4,999,71,2.6,2,11,94.375
31.7,34,26.4,999,71,2.6,2,11,94.375
31.7,34,26.4,999,71,2.6,2,11,94.375
31.7,34,26.4,999,71,2.6,2,11,94.375
31.7,34,26.4,999,71,2.6,2,11,94.375
31.7,34,26.4,999,71,2.6,2,11,94.375
32.6,36,27.6,999,70,2.7,10.6,20,118.5
32.6,36,27.6,999,70,2.7,10.6,20,118.5
32.6,36,27.6,999,70,2.7,10.6,20,118.5
32.6,36,27.6,999,70,2.7,10.6,20,118.5
32.6,36,27.6,999,70,2.7,10.6,20,118.5
32.6,36,27.6,999,70,2.7,10.6,20,118.5
32.6,36,27.6,999,70,2.7,10.6,20,118.5
32.6,36,27.6,999,70,2.7,10.6,20,118.5
32.6,36,27.6,999,70,2.7,10.6,20,118.5
31.2,35.9,26.1,1000,71,3.2,8.7,18,89.54166667
31.2,35.9,26.1,1000,71,3.2,8.7,18,89.54166667
31.2,35.9,26.1,1000,71,3.2,8.7,18,89.54166667
31.2,35.9,26.1,1000,71,3.2,8.7,18,89.54166667
31.2,35.9,26.1,1000,71,3.2,8.7,18,89.54166667
31.2,35.9,26.1,1000,71,3.2,8.7,18,89.54166667
31.2,35.9,26.1,1000,71,3.2,8.7,18,89.54166667
31.2,35.9,26.1,1000,71,3.2,8.7,18,89.54166667
31.2,35.9,26.1,1000,71,3.2,8.7,18,89.54166667
31,35,26.8,1004,76,2.6,6.1,14,95.83333333
31,35,26.8,1004,76,2.6,6.1,14,95.83333333
31,35,26.8,1004,76,2.6,6.1,14,95.83333333
31,35,26.8,1004,76,2.6,6.1,14,95.83333333
31,35,26.8,1004,76,2.6,6.1,14,95.83333333
31,35,26.8,1004,76,2.6,6.1,14,95.83333333
31,35,26.8,1004,76,2.6,6.1,14,95.83333333
31,35,26.8,1004,76,2.6,6.1,14,95.83333333
31,35,26.8,1004,76,2.6,6.1,14,95.83333333
30.8,35.2,26.8,1005,76,2.7,3.7,18,93.5
30.8,35.2,26.8,1005,76,2.7,3.7,18,93.5
30.8,35.2,26.8,1005,76,2.7,3.7,18,93.5
30.8,35.2,26.8,1005,76,2.7,3.7,18,93.5
30.8,35.2,26.8,1005,76,2.7,3.7,18,93.5
30.8,35.2,26.8,1005,76,2.7,3.7,18,93.5
30.8,35.2,26.8,1005,76,2.7,3.7,18,93.5
30.8,35.2,26.8,1005,76,2.7,3.7,18,93.5
30.8,35.2,26.8,1005,76,2.7,3.7,18,93.5
31.4,36,25.5,0,73,3.1,6.5,13,97.625
31.4,36,25.5,0,73,3.1,6.5,13,97.625
31.4,36,25.5,0,73,3.1,6.5,13,97.625
27.3,33.3,24,1002,89,2.1,7.8,27,45.375
27.3,33.3,24,1002,89,2.1,7.8,27,45.375
27.3,33.3,24,1002,89,2.1,7.8,27,45.375
27.3,33.3,24,1002,89,2.1,7.8,27,45.375
27.3,33.3,24,1002,89,2.1,7.8,27,45.375
27.3,33.3,24,1002,89,2.1,7.8,27,45.375
27.3,33.3,24,1002,89,2.1,7.8,27,45.375
27.3,33.3,24,1002,89,2.1,7.8,27,45.375
27.3,33.3,24,1002,89,2.1,7.8,27,45.375
32.2,39.8,25.4,995,73,2.3,8.3,14,65.16666667
32.2,39.8,25.4,995,73,2.3,8.3,14,65.16666667
32.2,39.8,25.4,995,73,2.3,8.3,14,65.16666667
32.2,39.8,25.4,995,73,2.3,8.3,14,65.16666667
32.2,39.8,25.4,995,73,2.3,8.3,14,65.16666667
32.2,39.8,25.4,995,73,2.3,8.3,14,65.16666667
32.2,39.8,25.4,995,73,2.3,8.3,14,65.16666667
32.2,39.8,25.4,995,73,2.3,8.3,14,65.16666667
32.2,39.8,25.4,995,73,2.3,8.3,14,65.16666667
28.4,36.6,24.4,998,82,2.4,5.2,9,67.08333333
28.4,36.6,24.4,998,82,2.4,5.2,9,67.08333333
28.4,36.6,24.4,998,82,2.4,5.2,9,67.08333333
28.4,36.6,24.4,998,82,2.4,5.2,9,67.08333333
28.4,36.6,24.4,998,82,2.4,5.2,9,67.08333333
28.4,36.6,24.4,998,82,2.4,5.2,9,67.08333333
28.4,36.6,24.4,998,82,2.4,5.2,9,67.08333333
28.4,36.6,24.4,998,82,2.4,5.2,9,67.08333333
28.4,36.6,24.4,998,82,2.4,5.2,9,67.08333333
29.6,32,25.7,997,80,2.3,2,7,80.04166667
29.6,32,25.7,997,80,2.3,2,7,80.04166667
29.6,32,25.7,997,80,2.3,2,7,80.04166667
29.6,32,25.7,997,80,2.3,2,7,80.04166667
29.6,32,25.7,997,80,2.3,2,7,80.04166667
29.6,32,25.7,997,80,2.3,2,7,80.04166667
29.6,32,25.7,997,80,2.3,2,7,80.04166667
29.6,32,25.7,997,80,2.3,2,7,80.04166667
29.6,32,25.7,997,80,2.3,2,7,80.04166667
33.6,36.7,28.8,996,66,5.8,5.9,11,70.25
33.6,36.7,28.8,996,66,5.8,5.9,11,70.25
33.6,36.7,28.8,996,66,5.8,5.9,11,70.25
33.6,36.7,28.8,996,66,5.8,5.9,11,70.25
33.6,36.7,28.8,996,66,5.8,5.9,11,70.25
33.6,36.7,28.8,996,66,5.8,5.9,11,70.25
33.6,36.7,28.8,996,66,5.8,5.9,11,70.25
33.6,36.7,28.8,996,66,5.8,5.9,11,70.25
33.6,36.7,28.8,996,66,5.8,5.9,11,70.25
30.7,36.9,28.8,996,78,2.3,5.4,27,75.125
30.7,36.9,28.8,996,78,2.3,5.4,27,75.125
30.7,36.9,28.8,996,78,2.3,5.4,27,75.125
30.7,36.9,28.8,996,78,2.3,5.4,27,75.125
30.7,36.9,28.8,996,78,2.3,5.4,27,75.125
30.7,36.9,28.8,996,78,2.3,5.4,27,75.125
30.7,36.9,28.8,996,78,2.3,5.4,27,75.125
30.7,36.9,28.8,996,78,2.3,5.4,27,75.125
30.7,36.9,28.8,996,78,2.3,5.4,27,75.125
33.3,37,27.8,996,68,2.6,6.7,11,37.16666667
33.3,37,27.8,996,68,2.6,6.7,11,37.16666667
33.3,37,27.8,996,68,2.6,6.7,11,37.16666667
33.3,37,27.8,996,68,2.6,6.7,11,37.16666667
33.3,37,27.8,996,68,2.6,6.7,11,37.16666667
33.3,37,27.8,996,68,2.6,6.7,11,37.16666667
33.3,37,27.8,996,68,2.6,6.7,11,37.16666667
33.3,37,27.8,996,68,2.6,6.7,11,37.16666667
33.3,37,27.8,996,68,2.6,6.7,11,37.16666667
31.1,34.2,27.8,997,78,2.6,6.9,24,32.95833333
31.1,34.2,27.8,997,78,2.6,6.9,24,32.95833333
31.1,34.2,27.8,997,78,2.6,6.9,24,32.95833333
31.1,34.2,27.8,997,78,2.6,6.9,24,32.95833333
31.1,34.2,27.8,997,78,2.6,6.9,24,32.95833333
31.1,34.2,27.8,997,78,2.6,6.9,24,32.95833333
31.1,34.2,27.8,997,78,2.6,6.9,24,32.95833333
31.1,34.2,27.8,997,78,2.6,6.9,24,32.95833333
31.1,34.2,27.8,997,78,2.6,6.9,24,32.95833333
30.4,35.4,26.7,997,82,2.1,5.2,14,40.83333333
30.4,35.4,26.7,997,82,2.1,5.2,14,40.83333333
30.4,35.4,26.7,997,82,2.1,5.2,14,40.83333333
30.4,35.4,26.7,997,82,2.1,5.2,14,40.83333333
30.4,35.4,26.7,997,82,2.1,5.2,14,40.83333333
30.4,35.4,26.7,997,82,2.1,5.2,14,40.83333333
30.4,35.4,26.7,997,82,2.1,5.2,14,40.83333333
30.4,35.4,26.7,997,82,2.1,5.2,14,40.83333333
30.4,35.4,26.7,997,82,2.1,5.2,14,40.83333333
31,35.2,26,997,80,2.4,7.2,18,42.54166667
31,35.2,26,997,80,2.4,7.2,18,42.54166667
31,35.2,26,997,80,2.4,7.2,18,42.54166667
31,35.2,26,997,80,2.4,7.2,18,42.54166667
31,35.2,26,997,80,2.4,7.2,18,42.54166667
31,35.2,26,997,80,2.4,7.2,18,42.54166667
31,35.2,26,997,80,2.4,7.2,18,42.54166667
31,35.2,26,997,80,2.4,7.2,18,42.54166667
31,35.2,26,997,80,2.4,7.2,18,42.54166667
32.4,35.2,26.2,999,72,2.9,13.5,25,97.29166667
32.4,35.2,26.2,999,72,2.9,13.5,25,97.29166667
32.4,35.2,26.2,999,72,2.9,13.5,25,97.29166667
32.4,35.2,26.2,999,72,2.9,13.5,25,97.29166667
32.4,35.2,26.2,999,72,2.9,13.5,25,97.29166667
32.4,35.2,26.2,999,72,2.9,13.5,25,97.29166667
32.4,35.2,26.2,999,72,2.9,13.5,25,97.29166667
32.4,35.2,26.2,999,72,2.9,13.5,25,97.29166667
32.4,35.2,26.2,999,72,2.9,13.5,25,97.29166667
34.1,37,28.5,998,63,3.2,13,22,79.83333333
34.1,37,28.5,998,63,3.2,13,22,79.83333333
34.1,37,28.5,998,63,3.2,13,22,79.83333333
34.1,37,28.5,998,63,3.2,13,22,79.83333333
34.1,37,28.5,998,63,3.2,13,22,79.83333333
34.1,37,28.5,998,63,3.2,13,22,79.83333333
34.1,37,28.5,998,63,3.2,13,22,79.83333333
34.1,37,28.5,998,63,3.2,13,22,79.83333333
34.1,37,28.5,998,63,3.2,13,22,79.83333333
34.1,37.2,29,998,61,2.6,11.5,22,87.75
34.1,37.2,29,998,61,2.6,11.5,22,87.75
34.1,37.2,29,998,61,2.6,11.5,22,87.75
34.1,37.2,29,998,61,2.6,11.5,22,87.75
34.1,37.2,29,998,61,2.6,11.5,22,87.75
34.1,37.2,29,998,61,2.6,11.5,22,87.75
34.1,37.2,29,998,61,2.6,11.5,22,87.75
34.1,37.2,29,998,61,2.6,11.5,22,87.75
34.1,37.2,29,998,61,2.6,11.5,22,87.75
31.9,35,28.3,1001,72,2.1,2.8,9,49.41666667
31.9,35,28.3,1001,72,2.1,2.8,9,49.41666667
31.9,35,28.3,1001,72,2.1,2.8,9,49.41666667
31.9,35,28.3,1001,72,2.1,2.8,9,49.41666667
31.9,35,28.3,1001,72,2.1,2.8,9,49.41666667
31.9,35,28.3,1001,72,2.1,2.8,9,49.41666667
31.9,35,28.3,1001,72,2.1,2.8,9,49.41666667
31.9,35,28.3,1001,72,2.1,2.8,9,49.41666667
31.9,35,28.3,1001,72,2.1,2.8,9,49.41666667
30.3,35,27.6,1002,83,2.3,6.5,16,43.66666667
30.3,35,27.6,1002,83,2.3,6.5,16,43.66666667
30.3,35,27.6,1002,83,2.3,6.5,16,43.66666667
30.3,35,27.6,1002,83,2.3,6.5,16,43.66666667
30.3,35,27.6,1002,83,2.3,6.5,16,43.66666667
30.3,35,27.6,1002,83,2.3,6.5,16,43.66666667
30.3,35,27.6,1002,83,2.3,6.5,16,43.66666667
30.3,35,27.6,1002,83,2.3,6.5,16,43.66666667
30.3,35,27.6,1002,83,2.3,6.5,16,43.66666667
28.3,35.8,26.8,1003,89,1.6,4.3,11,52.16666667
28.3,35.8,26.8,1003,89,1.6,4.3,11,52.16666667
28.3,35.8,26.8,1003,89,1.6,4.3,11,52.16666667
28.3,35.8,26.8,1003,89,1.6,4.3,11,52.16666667
28.3,35.8,26.8,1003,89,1.6,4.3,11,52.16666667
28.3,35.8,26.8,1003,89,1.6,4.3,11,52.16666667
28.3,35.8,26.8,1003,89,1.6,4.3,11,52.16666667
28.3,35.8,26.8,1003,89,1.6,4.3,11,52.16666667
28.3,35.8,26.8,1003,89,1.6,4.3,11,52.16666667
29.2,31,26,1000,85,1.8,4.6,13,29.66666667
29.2,31,26,1000,85,1.8,4.6,13,29.66666667
29.2,31,26,1000,85,1.8,4.6,13,29.66666667
29.2,31,26,1000,85,1.8,4.6,13,29.66666667
29.2,31,26,1000,85,1.8,4.6,13,29.66666667
29.2,31,26,1000,85,1.8,4.6,13,29.66666667
29.2,31,26,1000,85,1.8,4.6,13,29.66666667
29.2,31,26,1000,85,1.8,4.6,13,29.66666667
29.2,31,26,1000,85,1.8,4.6,13,29.66666667
36,40,26.6,1001,46,3.1,9.1,22,47.75
36,40,26.6,1001,46,3.1,9.1,22,47.75
36,40,26.6,1001,46,3.1,9.1,22,47.75
36,40,26.6,1001,46,3.1,9.1,22,47.75
36,40,26.6,1001,46,3.1,9.1,22,47.75
36,40,26.6,1001,46,3.1,9.1,22,47.75
36,40,26.6,1001,46,3.1,9.1,22,47.75
36,40,26.6,1001,46,3.1,9.1,22,47.75
36,40,26.6,1001,46,3.1,9.1,22,47.75
37.7,42,30.7,1000,37,2.6,11.9,22,37.70833333
37.7,42,30.7,1000,37,2.6,11.9,22,37.70833333
37.7,42,30.7,1000,37,2.6,11.9,22,37.70833333
37.7,42,30.7,1000,37,2.6,11.9,22,37.70833333
37.7,42,30.7,1000,37,2.6,11.9,22,37.70833333
37.7,42,30.7,1000,37,2.6,11.9,22,37.70833333
37.7,42,30.7,1000,37,2.6,11.9,22,37.70833333
37.7,42,30.7,1000,37,2.6,11.9,22,37.70833333
37.7,42,30.7,1000,37,2.6,11.9,22,37.70833333
37.6,43,28.7,1001,42,2.4,2.8,11,33.08333333
37.6,43,28.7,1001,42,2.4,2.8,11,33.08333333
37.6,43,28.7,1001,42,2.4,2.8,11,33.08333333
37.6,43,28.7,1001,42,2.4,2.8,11,33.08333333
37.6,43,28.7,1001,42,2.4,2.8,11,33.08333333
37.6,43,28.7,1001,42,2.4,2.8,11,33.08333333
37.6,43,28.7,1001,42,2.4,2.8,11,33.08333333
37.6,43,28.7,1001,42,2.4,2.8,11,33.08333333
37.6,43,28.7,1001,42,2.4,2.8,11,33.08333333
34.6,40.3,28.7,1001,51,2.7,10.2,25,29.66666667
34.6,40.3,28.7,1001,51,2.7,10.2,25,29.66666667
34.6,40.3,28.7,1001,51,2.7,10.2,25,29.66666667
34.6,40.3,28.7,1001,51,2.7,10.2,25,29.66666667
34.6,40.3,28.7,1001,51,2.7,10.2,25,29.66666667
34.6,40.3,28.7,1001,51,2.7,10.2,25,29.66666667
34.6,40.3,28.7,1001,51,2.7,10.2,25,29.66666667
34.6,40.3,28.7,1001,51,2.7,10.2,25,29.66666667
34.6,40.3,28.7,1001,51,2.7,10.2,25,29.66666667
35.9,41,28.6,998,50,2.6,8.5,18,56.70833333
35.9,41,28.6,998,50,2.6,8.5,18,56.70833333
35.9,41,28.6,998,50,2.6,8.5,18,56.70833333
35.9,41,28.6,998,50,2.6,8.5,18,56.70833333
35.9,41,28.6,998,50,2.6,8.5,18,56.70833333
35.9,41,28.6,998,50,2.6,8.5,18,56.70833333
35.9,41,28.6,998,50,2.6,8.5,18,56.70833333
35.9,41,28.6,998,50,2.6,8.5,18,56.70833333
35.9,41,28.6,998,50,2.6,8.5,18,56.70833333
35.7,41.2,30,997,48,2.3,9.3,27,39.25
35.7,41.2,30,997,48,2.3,9.3,27,39.25
35.7,41.2,30,997,48,2.3,9.3,27,39.25
35.7,41.2,30,997,48,2.3,9.3,27,39.25
35.7,41.2,30,997,48,2.3,9.3,27,39.25
35.7,41.2,30,997,48,2.3,9.3,27,39.25
35.7,41.2,30,997,48,2.3,9.3,27,39.25
35.7,41.2,30,997,48,2.3,9.3,27,39.25
35.7,41.2,30,997,48,2.3,9.3,27,39.25
36,41,27.6,997,46,2.4,12.8,25,53.125
36,41,27.6,997,46,2.4,12.8,25,53.125
36,41,27.6,997,46,2.4,12.8,25,53.125
36,41,27.6,997,46,2.4,12.8,25,53.125
36,41,27.6,997,46,2.4,12.8,25,53.125
36,41,27.6,997,46,2.4,12.8,25,53.125
36,41,27.6,997,46,2.4,12.8,25,53.125
36,41,27.6,997,46,2.4,12.8,25,53.125
36,41,27.6,997,46,2.4,12.8,25,53.125
32.6,40.7,26,996,59,2.6,11.9,29,54.875
32.6,40.7,26,996,59,2.6,11.9,29,54.875
32.6,40.7,26,996,59,2.6,11.9,29,54.875
32.6,40.7,26,996,59,2.6,11.9,29,54.875
32.6,40.7,26,996,59,2.6,11.9,29,54.875
32.6,40.7,26,996,59,2.6,11.9,29,54.875
32.6,40.7,26,996,59,2.6,11.9,29,54.875
32.6,40.7,26,996,59,2.6,11.9,29,54.875
32.6,40.7,26,996,59,2.6,11.9,29,54.875
34.7,38,30.5,995,55,2.4,10.4,18,65.75
34.7,38,30.5,995,55,2.4,10.4,18,65.75
34.7,38,30.5,995,55,2.4,10.4,18,65.75
34.7,38,30.5,995,55,2.4,10.4,18,65.75
34.7,38,30.5,995,55,2.4,10.4,18,65.75
34.7,38,30.5,995,55,2.4,10.4,18,65.75
34.7,38,30.5,995,55,2.4,10.4,18,65.75
34.7,38,30.5,995,55,2.4,10.4,18,65.75
34.7,38,30.5,995,55,2.4,10.4,18,65.75
35.6,40,30,1000,57,3.1,9.4,25,52.45833333
35.6,40,30,1000,57,3.1,9.4,25,52.45833333
35.6,40,30,1000,57,3.1,9.4,25,52.45833333
35.6,40,30,1000,57,3.1,9.4,25,52.45833333
35.6,40,30,1000,57,3.1,9.4,25,52.45833333
35.6,40,30,1000,57,3.1,9.4,25,52.45833333
35.6,40,30,1000,57,3.1,9.4,25,52.45833333
35.6,40,30,1000,57,3.1,9.4,25,52.45833333
35.6,40,30,1000,57,3.1,9.4,25,52.45833333
31.1,40.1,26,999,74,2.4,7.6,14,36.58333333
31.1,40.1,26,999,74,2.4,7.6,14,36.58333333
31.1,40.1,26,999,74,2.4,7.6,14,36.58333333
31.1,40.1,26,999,74,2.4,7.6,14,36.58333333
31.1,40.1,26,999,74,2.4,7.6,14,36.58333333
31.1,40.1,26,999,74,2.4,7.6,14,36.58333333
31.1,40.1,26,999,74,2.4,7.6,14,36.58333333
31.1,40.1,26,999,74,2.4,7.6,14,36.58333333
31.1,40.1,26,999,74,2.4,7.6,14,36.58333333
32.9,38.6,27,999,64,2.4,8.9,16,45.58333333
32.9,38.6,27,999,64,2.4,8.9,16,45.58333333
32.9,38.6,27,999,64,2.4,8.9,16,45.58333333
32.9,38.6,27,999,64,2.4,8.9,16,45.58333333
32.9,38.6,27,999,64,2.4,8.9,16,45.58333333
32.9,38.6,27,999,64,2.4,8.9,16,45.58333333
32.9,38.6,27,999,64,2.4,8.9,16,45.58333333
32.9,38.6,27,999,64,2.4,8.9,16,45.58333333
32.9,38.6,27,999,64,2.4,8.9,16,45.58333333
35.5,39.9,31.2,999,60,2.4,9.8,18,57.58333333
35.5,39.9,31.2,999,60,2.4,9.8,18,57.58333333
35.5,39.9,31.2,999,60,2.4,9.8,18,57.58333333
35.5,39.9,31.2,999,60,2.4,9.8,18,57.58333333
35.5,39.9,31.2,999,60,2.4,9.8,18,57.58333333
35.5,39.9,31.2,999,60,2.4,9.8,18,57.58333333
35.5,39.9,31.2,999,60,2.4,9.8,18,57.58333333
35.5,39.9,31.2,999,60,2.4,9.8,18,57.58333333
35.5,39.9,31.2,999,60,2.4,9.8,18,57.58333333
34.9,39.6,29.6,999,61,2.4,7.8,14,30.70833333
34.9,39.6,29.6,999,61,2.4,7.8,14,30.70833333
34.9,39.6,29.6,999,61,2.4,7.8,14,30.70833333
34.9,39.6,29.6,999,61,2.4,7.8,14,30.70833333
34.9,39.6,29.6,999,61,2.4,7.8,14,30.70833333
34.9,39.6,29.6,999,61,2.4,7.8,14,30.70833333
34.9,39.6,29.6,999,61,2.4,7.8,14,30.70833333
34.9,39.6,29.6,999,61,2.4,7.8,14,30.70833333
34.9,39.6,29.6,999,61,2.4,7.8,14,30.70833333
34.4,39.4,26,998,63,2.3,8,14,35.375
34.4,39.4,26,998,63,2.3,8,14,35.375
34.4,39.4,26,998,63,2.3,8,14,35.375
34.4,39.4,26,998,63,2.3,8,14,35.375
34.4,39.4,26,998,63,2.3,8,14,35.375
34.4,39.4,26,998,63,2.3,8,14,35.375
34.4,39.4,26,998,63,2.3,8,14,35.375
34.4,39.4,26,998,63,2.3,8,14,35.375
34.4,39.4,26,998,63,2.3,8,14,35.375
34.7,41.5,22,1001,24,2.3,8.5,16,28.375
34.7,41.5,22,1001,24,2.3,8.5,16,28.375
34.7,41.5,22,1001,24,2.3,8.5,16,28.375
34.7,41.5,22,1001,24,2.3,8.5,16,28.375
34.7,41.5,22,1001,24,2.3,8.5,16,28.375
34.7,41.5,22,1001,24,2.3,8.5,16,28.375
34.7,41.5,22,1001,24,2.3,8.5,16,28.375
34.7,41.5,22,1001,24,2.3,8.5,16,28.375
34.7,41.5,22,1001,24,2.3,8.5,16,28.375
38,44,23.8,1001,20,2.6,9.6,29,40.33333333
38,44,23.8,1001,20,2.6,9.6,29,40.33333333
38,44,23.8,1001,20,2.6,9.6,29,40.33333333
38,44,23.8,1001,20,2.6,9.6,29,40.33333333
38,44,23.8,1001,20,2.6,9.6,29,40.33333333
38,44,23.8,1001,20,2.6,9.6,29,40.33333333
38,44,23.8,1001,20,2.6,9.6,29,40.33333333
38,44,23.8,1001,20,2.6,9.6,29,40.33333333
38,44,23.8,1001,20,2.6,9.6,29,40.33333333
35.4,44,28,1003,35,2.7,6.5,18,39.33333333
35.4,44,28,1003,35,2.7,6.5,18,39.33333333
35.4,44,28,1003,35,2.7,6.5,18,39.33333333
35.4,44,28,1003,35,2.7,6.5,18,39.33333333
35.4,44,28,1003,35,2.7,6.5,18,39.33333333
35.4,44,28,1003,35,2.7,6.5,18,39.33333333
35.4,44,28,1003,35,2.7,6.5,18,39.33333333
35.4,44,28,1003,35,2.7,6.5,18,39.33333333
35.4,44,28,1003,35,2.7,6.5,18,39.33333333
33.2,38,25,1004,41,2.7,4.6,9,31.91666667
33.2,38,25,1004,41,2.7,4.6,9,31.91666667
33.2,38,25,1004,41,2.7,4.6,9,31.91666667
33.2,38,25,1004,41,2.7,4.6,9,31.91666667
33.2,38,25,1004,41,2.7,4.6,9,31.91666667
33.2,38,25,1004,41,2.7,4.6,9,31.91666667
33.2,38,25,1004,41,2.7,4.6,9,31.91666667
33.2,38,25,1004,41,2.7,4.6,9,31.91666667
33.2,38,25,1004,41,2.7,4.6,9,31.91666667
35.1,39.2,25.3,1005,40,2.4,7.2,11,36.79166667
35.1,39.2,25.3,1005,40,2.4,7.2,11,36.79166667
35.1,39.2,25.3,1005,40,2.4,7.2,11,36.79166667
35.1,39.2,25.3,1005,40,2.4,7.2,11,36.79166667
35.1,39.2,25.3,1005,40,2.4,7.2,11,36.79166667
35.1,39.2,25.3,1005,40,2.4,7.2,11,36.79166667
35.1,39.2,25.3,1005,40,2.4,7.2,11,36.79166667
35.1,39.2,25.3,1005,40,2.4,7.2,11,36.79166667
35.1,39.2,25.3,1005,40,2.4,7.2,11,36.79166667
33.8,39.8,27.6,1005,44,2.4,9.8,16,33.29166667
33.8,39.8,27.6,1005,44,2.4,9.8,16,33.29166667
33.8,39.8,27.6,1005,44,2.4,9.8,16,33.29166667
33.8,39.8,27.6,1005,44,2.4,9.8,16,33.29166667
33.8,39.8,27.6,1005,44,2.4,9.8,16,33.29166667
33.8,39.8,27.6,1005,44,2.4,9.8,16,33.29166667
33.8,39.8,27.6,1005,44,2.4,9.8,16,33.29166667
33.8,39.8,27.6,1005,44,2.4,9.8,16,33.29166667
33.8,39.8,27.6,1005,44,2.4,9.8,16,33.29166667
37.1,42,27.5,1000,30,2.9,8.3,18,21.125
37.1,42,27.5,1000,30,2.9,8.3,18,21.125
37.1,42,27.5,1000,30,2.9,8.3,18,21.125
37.1,42,27.5,1000,30,2.9,8.3,18,21.125
37.1,42,27.5,1000,30,2.9,8.3,18,21.125
37.1,42,27.5,1000,30,2.9,8.3,18,21.125
37.1,42,27.5,1000,30,2.9,8.3,18,21.125
37.1,42,27.5,1000,30,2.9,8.3,18,21.125
37.1,42,27.5,1000,30,2.9,8.3,18,21.125
36.5,43,27,1001,35,2.6,4.1,22,18
36.5,43,27,1001,35,2.6,4.1,22,18
36.5,43,27,1001,35,2.6,4.1,22,18
36.5,43,27,1001,35,2.6,4.1,22,18
36.5,43,27,1001,35,2.6,4.1,22,18
36.5,43,27,1001,35,2.6,4.1,22,18
36.5,43,27,1001,35,2.6,4.1,22,18
36.5,43,27,1001,35,2.6,4.1,22,18
36.5,43,27,1001,35,2.6,4.1,22,18
37.3,42.4,27.4,1002,32,2.6,4.8,14,28.04166667
37.3,42.4,27.4,1002,32,2.6,4.8,14,28.04166667
37.3,42.4,27.4,1002,32,2.6,4.8,14,28.04166667
37.3,42.4,27.4,1002,32,2.6,4.8,14,28.04166667
37.3,42.4,27.4,1002,32,2.6,4.8,14,28.04166667
37.3,42.4,27.4,1002,32,2.6,4.8,14,28.04166667
37.3,42.4,27.4,1002,32,2.6,4.8,14,28.04166667
37.3,42.4,27.4,1002,32,2.6,4.8,14,28.04166667
37.3,42.4,27.4,1002,32,2.6,4.8,14,28.04166667
37.3,43.7,28.6,997,44,2.6,9.4,22,46.04166667
37.3,43.7,28.6,997,44,2.6,9.4,22,46.04166667
37.3,43.7,28.6,997,44,2.6,9.4,22,46.04166667
37.3,43.7,28.6,997,44,2.6,9.4,22,46.04166667
37.3,43.7,28.6,997,44,2.6,9.4,22,46.04166667
37.3,43.7,28.6,997,44,2.6,9.4,22,46.04166667
37.3,43.7,28.6,997,44,2.6,9.4,22,46.04166667
37.3,43.7,28.6,997,44,2.6,9.4,22,46.04166667
37.3,43.7,28.6,997,44,2.6,9.4,22,46.04166667
37.3,42.8,31.2,996,49,2.6,8.3,14,28.75
37.3,42.8,31.2,996,49,2.6,8.3,14,28.75
37.3,42.8,31.2,996,49,2.6,8.3,14,28.75
37.3,42.8,31.2,996,49,2.6,8.3,14,28.75
37.3,42.8,31.2,996,49,2.6,8.3,14,28.75
37.3,42.8,31.2,996,49,2.6,8.3,14,28.75
37.3,42.8,31.2,996,49,2.6,8.3,14,28.75
37.3,42.8,31.2,996,49,2.6,8.3,14,28.75
37.3,42.8,31.2,996,49,2.6,8.3,14,28.75
36.2,41.5,30.7,995,50,2.9,10.9,18,70.54166667
36.2,41.5,30.7,995,50,2.9,10.9,18,70.54166667
36.2,41.5,30.7,995,50,2.9,10.9,18,70.54166667
36.2,41.5,30.7,995,50,2.9,10.9,18,70.54166667
36.2,41.5,30.7,995,50,2.9,10.9,18,70.54166667
36.2,41.5,30.7,995,50,2.9,10.9,18,70.54166667
36.2,41.5,30.7,995,50,2.9,10.9,18,70.54166667
36.2,41.5,30.7,995,50,2.9,10.9,18,70.54166667
36.2,41.5,30.7,995,50,2.9,10.9,18,70.54166667
32.9,39,27.4,996,50,2.4,9.4,27,30.66666667
32.9,39,27.4,996,50,2.4,9.4,27,30.66666667
32.9,39,27.4,996,50,2.4,9.4,27,30.66666667
32.9,39,27.4,996,50,2.4,9.4,27,30.66666667
32.9,39,27.4,996,50,2.4,9.4,27,30.66666667
32.9,39,27.4,996,50,2.4,9.4,27,30.66666667
32.9,39,27.4,996,50,2.4,9.4,27,30.66666667
32.9,39,27.4,996,50,2.4,9.4,27,30.66666667
32.9,39,27.4,996,50,2.4,9.4,27,30.66666667
34.6,39,26,998,49,2.4,6.7,16,31.75
34.6,39,26,998,49,2.4,6.7,16,31.75
34.6,39,26,998,49,2.4,6.7,16,31.75
34.6,39,26,998,49,2.4,6.7,16,31.75
34.6,39,26,998,49,2.4,6.7,16,31.75
34.6,39,26,998,49,2.4,6.7,16,31.75
34.6,39,26,998,49,2.4,6.7,16,31.75
34.6,39,26,998,49,2.4,6.7,16,31.75
34.6,39,26,998,49,2.4,6.7,16,31.75
37.4,41,30.6,998,31,1.9,14.1,27,41.04166667
37.4,41,30.6,998,31,1.9,14.1,27,41.04166667
37.4,41,30.6,998,31,1.9,14.1,27,41.04166667
37.4,41,30.6,998,31,1.9,14.1,27,41.04166667
37.4,41,30.6,998,31,1.9,14.1,27,41.04166667
37.4,41,30.6,998,31,1.9,14.1,27,41.04166667
37.4,41,30.6,998,31,1.9,14.1,27,41.04166667
37.4,41,30.6,998,31,1.9,14.1,27,41.04166667
37.4,41,30.6,998,31,1.9,14.1,27,41.04166667
32.7,37.5,24.7,1002,55,2.4,7.4,18,30.625
32.7,37.5,24.7,1002,55,2.4,7.4,18,30.625
32.7,37.5,24.7,1002,55,2.4,7.4,18,30.625
32.7,37.5,24.7,1002,55,2.4,7.4,18,30.625
32.7,37.5,24.7,1002,55,2.4,7.4,18,30.625
32.7,37.5,24.7,1002,55,2.4,7.4,18,30.625
32.7,37.5,24.7,1002,55,2.4,7.4,18,30.625
32.7,37.5,24.7,1002,55,2.4,7.4,18,30.625
32.7,37.5,24.7,1002,55,2.4,7.4,18,30.625
30.4,37.5,21.6,1006,41,2.6,12,27,30.33333333
30.4,37.5,21.6,1006,41,2.6,12,27,30.33333333
30.4,37.5,21.6,1006,41,2.6,12,27,30.33333333
30.4,37.5,21.6,1006,41,2.6,12,27,30.33333333
30.4,37.5,21.6,1006,41,2.6,12,27,30.33333333
30.4,37.5,21.6,1006,41,2.6,12,27,30.33333333
30.4,37.5,21.6,1006,41,2.6,12,27,30.33333333
30.4,37.5,21.6,1006,41,2.6,12,27,30.33333333
30.4,37.5,21.6,1006,41,2.6,12,27,30.33333333
32.3,39,21.5,1007,39,3.4,5.4,13,31.75
32.3,39,21.5,1007,39,3.4,5.4,13,31.75
32.3,39,21.5,1007,39,3.4,5.4,13,31.75
32.3,39,21.5,1007,39,3.4,5.4,13,31.75
32.3,39,21.5,1007,39,3.4,5.4,13,31.75
32.3,39,21.5,1007,39,3.4,5.4,13,31.75
32.3,39,21.5,1007,39,3.4,5.4,13,31.75
32.3,39,21.5,1007,39,3.4,5.4,13,31.75
32.3,39,21.5,1007,39,3.4,5.4,13,31.75
33.4,39.1,24.8,1008,47,2.1,2.6,7,34.20833333
33.4,39.1,24.8,1008,47,2.1,2.6,7,34.20833333
33.4,39.1,24.8,1008,47,2.1,2.6,7,34.20833333
33.4,39.1,24.8,1008,47,2.1,2.6,7,34.20833333
33.4,39.1,24.8,1008,47,2.1,2.6,7,34.20833333
33.4,39.1,24.8,1008,47,2.1,2.6,7,34.20833333
33.4,39.1,24.8,1008,47,2.1,2.6,7,34.20833333
33.4,39.1,24.8,1008,47,2.1,2.6,7,34.20833333
33.4,39.1,24.8,1008,47,2.1,2.6,7,34.20833333
29.5,36.9,21.5,1007,41,2.3,11.3,16,0
29.5,36.9,21.5,1007,41,2.3,11.3,16,0
29.5,36.9,21.5,1007,41,2.3,11.3,16,0
29.5,36.9,21.5,1007,41,2.3,11.3,16,0
29.5,36.9,21.5,1007,41,2.3,11.3,16,0
29.5,36.9,21.5,1007,41,2.3,11.3,16,0
29.5,36.9,21.5,1007,41,2.3,11.3,16,0
29.5,36.9,21.5,1007,41,2.3,11.3,16,0
29.5,36.9,21.5,1007,41,2.3,11.3,16,0
29.3,36,18.8,1008,37,3.2,4.8,11,0
29.3,36,18.8,1008,37,3.2,4.8,11,0
29.3,36,18.8,1008,37,3.2,4.8,11,0
29.3,36,18.8,1008,37,3.2,4.8,11,0
29.3,36,18.8,1008,37,3.2,4.8,11,0
29.3,36,18.8,1008,37,3.2,4.8,11,0
29.3,36,18.8,1008,37,3.2,4.8,11,0
29.3,36,18.8,1008,37,3.2,4.8,11,0
29.3,36,18.8,1008,37,3.2,4.8,11,0
30.9,37,19,1008,33,2.6,6.9,14,0
30.9,37,19,1008,33,2.6,6.9,14,0
30.9,37,19,1008,33,2.6,6.9,14,0
30.9,37,19,1008,33,2.6,6.9,14,0
30.9,37,19,1008,33,2.6,6.9,14,0
30.9,37,19,1008,33,2.6,6.9,14,0
30.9,37,19,1008,33,2.6,6.9,14,0
30.9,37,19,1008,33,2.6,6.9,14,0
30.9,37,19,1008,33,2.6,6.9,14,0
31.6,38,23.2,1002,30,3.1,18.7,35,71.66666667
31.6,38,23.2,1002,30,3.1,18.7,35,71.66666667
31.6,38,23.2,1002,30,3.1,18.7,35,71.66666667
31.6,38,23.2,1002,30,3.1,18.7,35,71.66666667
31.6,38,23.2,1002,30,3.1,18.7,35,71.66666667
31.6,38,23.2,1002,30,3.1,18.7,35,71.66666667
31.6,38,23.2,1002,30,3.1,18.7,35,71.66666667
31.6,38,23.2,1002,30,3.1,18.7,35,71.66666667
31.6,38,23.2,1002,30,3.1,18.7,35,71.66666667
33.1,39,24,1003,26,2.6,10.4,24,65.625
33.1,39,24,1003,26,2.6,10.4,24,65.625
33.1,39,24,1003,26,2.6,10.4,24,65.625
33.1,39,24,1003,26,2.6,10.4,24,65.625
33.1,39,24,1003,26,2.6,10.4,24,65.625
33.1,39,24,1003,26,2.6,10.4,24,65.625
33.1,39,24,1003,26,2.6,10.4,24,65.625
33.1,39,24,1003,26,2.6,10.4,24,65.625
33.1,39,24,1003,26,2.6,10.4,24,65.625
33.6,40,23,1003,27,2.4,9.8,18,53.375
33.6,40,23,1003,27,2.4,9.8,18,53.375
33.6,40,23,1003,27,2.4,9.8,18,53.375
33.6,40,23,1003,27,2.4,9.8,18,53.375
33.6,40,23,1003,27,2.4,9.8,18,53.375
33.6,40,23,1003,27,2.4,9.8,18,53.375
33.6,40,23,1003,27,2.4,9.8,18,53.375
33.6,40,23,1003,27,2.4,9.8,18,53.375
33.6,40,23,1003,27,2.4,9.8,18,53.375
34,40.6,26.3,1005,29,2.6,13.9,22,37.33333333
34,40.6,26.3,1005,29,2.6,13.9,22,37.33333333
34,40.6,26.3,1005,29,2.6,13.9,22,37.33333333
34,40.6,26.3,1005,29,2.6,13.9,22,37.33333333
34,40.6,26.3,1005,29,2.6,13.9,22,37.33333333
34,40.6,26.3,1005,29,2.6,13.9,22,37.33333333
34,40.6,26.3,1005,29,2.6,13.9,22,37.33333333
34,40.6,26.3,1005,29,2.6,13.9,22,37.33333333
34,40.6,26.3,1005,29,2.6,13.9,22,37.33333333
33.9,39.6,25.8,1002,28,2.7,15.7,29,50.125
33.9,39.6,25.8,1002,28,2.7,15.7,29,50.125
33.9,39.6,25.8,1002,28,2.7,15.7,29,50.125
33.9,39.6,25.8,1002,28,2.7,15.7,29,50.125
33.9,39.6,25.8,1002,28,2.7,15.7,29,50.125
33.9,39.6,25.8,1002,28,2.7,15.7,29,50.125
33.9,39.6,25.8,1002,28,2.7,15.7,29,50.125
33.9,39.6,25.8,1002,28,2.7,15.7,29,50.125
33.9,39.6,25.8,1002,28,2.7,15.7,29,50.125
33.3,39.4,24.8,1000,28,3.1,8.3,18,46.54166667
33.3,39.4,24.8,1000,28,3.1,8.3,18,46.54166667
33.3,39.4,24.8,1000,28,3.1,8.3,18,46.54166667
33.3,39.4,24.8,1000,28,3.1,8.3,18,46.54166667
33.3,39.4,24.8,1000,28,3.1,8.3,18,46.54166667
33.3,39.4,24.8,1000,28,3.1,8.3,18,46.54166667
33.3,39.4,24.8,1000,28,3.1,8.3,18,46.54166667
33.3,39.4,24.8,1000,28,3.1,8.3,18,46.54166667
33.3,39.4,24.8,1000,28,3.1,8.3,18,46.54166667
33.4,40,21.2,1006,27,2.6,3.7,14,48.91666667
33.4,40,21.2,1006,27,2.6,3.7,14,48.91666667
33.4,40,21.2,1006,27,2.6,3.7,14,48.91666667
33.4,40,21.2,1006,27,2.6,3.7,14,48.91666667
33.4,40,21.2,1006,27,2.6,3.7,14,48.91666667
33.4,40,21.2,1006,27,2.6,3.7,14,48.91666667
33.4,40,21.2,1006,27,2.6,3.7,14,48.91666667
33.4,40,21.2,1006,27,2.6,3.7,14,48.91666667
33.4,40,21.2,1006,27,2.6,3.7,14,48.91666667
33.2,40.3,22.2,1005,29,2.3,5,14,76.91666667
33.2,40.3,22.2,1005,29,2.3,5,14,76.91666667
33.2,40.3,22.2,1005,29,2.3,5,14,76.91666667
33.2,40.3,22.2,1005,29,2.3,5,14,76.91666667
33.2,40.3,22.2,1005,29,2.3,5,14,76.91666667
33.2,40.3,22.2,1005,29,2.3,5,14,76.91666667
33.2,40.3,22.2,1005,29,2.3,5,14,76.91666667
33.2,40.3,22.2,1005,29,2.3,5,14,76.91666667
33.2,40.3,22.2,1005,29,2.3,5,14,76.91666667
34,40.7,22.2,1004,24,2.4,11.9,22,34.45833333
34,40.7,22.2,1004,24,2.4,11.9,22,34.45833333
34,40.7,22.2,1004,24,2.4,11.9,22,34.45833333
34,40.7,22.2,1004,24,2.4,11.9,22,34.45833333
34,40.7,22.2,1004,24,2.4,11.9,22,34.45833333
34,40.7,22.2,1004,24,2.4,11.9,22,34.45833333
34,40.7,22.2,1004,24,2.4,11.9,22,34.45833333
34,40.7,22.2,1004,24,2.4,11.9,22,34.45833333
34,40.7,22.2,1004,24,2.4,11.9,22,34.45833333
25,31,15,1015,59,1.9,1.7,5,29
25,31,15,1015,59,1.9,1.7,5,29
25,31,15,1015,59,1.9,1.7,5,29
25,31,15,1015,59,1.9,1.7,5,29
25,31,15,1015,59,1.9,1.7,5,29
25,31,15,1015,59,1.9,1.7,5,29
25,31,15,1015,59,1.9,1.7,5,29
25,31,15,1015,59,1.9,1.7,5,29
25,31,15,1015,59,1.9,1.7,5,29
24.9,32.4,15.2,1015,57,1.9,1.7,9,34.25
24.9,32.4,15.2,1015,57,1.9,1.7,9,34.25
24.9,32.4,15.2,1015,57,1.9,1.7,9,34.25
24.9,32.4,15.2,1015,57,1.9,1.7,9,34.25
24.9,32.4,15.2,1015,57,1.9,1.7,9,34.25
24.9,32.4,15.2,1015,57,1.9,1.7,9,34.25
24.9,32.4,15.2,1015,57,1.9,1.7,9,34.25
24.9,32.4,15.2,1015,57,1.9,1.7,9,34.25
24.9,32.4,15.2,1015,57,1.9,1.7,9,34.25
26.8,33.4,15.7,1014,52,2.4,4.6,9,62.70833333
26.8,33.4,15.7,1014,52,2.4,4.6,9,62.70833333
26.8,33.4,15.7,1014,52,2.4,4.6,9,62.70833333
26.8,33.4,15.7,1014,52,2.4,4.6,9,62.70833333
26.8,33.4,15.7,1014,52,2.4,4.6,9,62.70833333
26.8,33.4,15.7,1014,52,2.4,4.6,9,62.70833333
26.8,33.4,15.7,1014,52,2.4,4.6,9,62.70833333
26.8,33.4,15.7,1014,52,2.4,4.6,9,62.70833333
26.8,33.4,15.7,1014,52,2.4,4.6,9,62.70833333
23.7,29.1,15.8,1011,67,2.1,5.2,11,41.58333333
23.7,29.1,15.8,1011,67,2.1,5.2,11,41.58333333
23.7,29.1,15.8,1011,67,2.1,5.2,11,41.58333333
23.7,29.1,15.8,1011,67,2.1,5.2,11,41.58333333
23.7,29.1,15.8,1011,67,2.1,5.2,11,41.58333333
23.7,29.1,15.8,1011,67,2.1,5.2,11,41.58333333
23.7,29.1,15.8,1011,67,2.1,5.2,11,41.58333333
23.7,29.1,15.8,1011,67,2.1,5.2,11,41.58333333
23.7,29.1,15.8,1011,67,2.1,5.2,11,41.58333333
23.4,29.1,17,1011,63,2.1,6.7,16,50.91666667
23.4,29.1,17,1011,63,2.1,6.7,16,50.91666667
23.4,29.1,17,1011,63,2.1,6.7,16,50.91666667
23.4,29.1,17,1011,63,2.1,6.7,16,50.91666667
23.4,29.1,17,1011,63,2.1,6.7,16,50.91666667
23.4,29.1,17,1011,63,2.1,6.7,16,50.91666667
23.4,29.1,17,1011,63,2.1,6.7,16,50.91666667
23.4,29.1,17,1011,63,2.1,6.7,16,50.91666667
23.4,29.1,17,1011,63,2.1,6.7,16,50.91666667
24.3,29,15.6,1011,56,1.9,10,18,40.95833333
24.3,29,15.6,1011,56,1.9,10,18,40.95833333
24.3,29,15.6,1011,56,1.9,10,18,40.95833333
24.3,29,15.6,1011,56,1.9,10,18,40.95833333
24.3,29,15.6,1011,56,1.9,10,18,40.95833333
24.3,29,15.6,1011,56,1.9,10,18,40.95833333
24.3,29,15.6,1011,56,1.9,10,18,40.95833333
24.3,29,15.6,1011,56,1.9,10,18,40.95833333
24.3,29,15.6,1011,56,1.9,10,18,40.95833333
24.3,31,16.8,1010,66,3.4,6.9,14,95.25
24.3,31,16.8,1010,66,3.4,6.9,14,95.25
24.3,31,16.8,1010,66,3.4,6.9,14,95.25
24.3,31,16.8,1010,66,3.4,6.9,14,95.25
24.3,31,16.8,1010,66,3.4,6.9,14,95.25
24.3,31,16.8,1010,66,3.4,6.9,14,95.25
24.3,31,16.8,1010,66,3.4,6.9,14,95.25
24.3,31,16.8,1010,66,3.4,6.9,14,95.25
24.3,31,16.8,1010,66,3.4,6.9,14,95.25
22.4,29.5,17.1,1014,68,3.4,6.3,16,115.8333333
22.4,29.5,17.1,1014,68,3.4,6.3,16,115.8333333
22.4,29.5,17.1,1014,68,3.4,6.3,16,115.8333333
22.4,29.5,17.1,1014,68,3.4,6.3,16,115.8333333
22.4,29.5,17.1,1014,68,3.4,6.3,16,115.8333333
22.4,29.5,17.1,1014,68,3.4,6.3,16,115.8333333
22.4,29.5,17.1,1014,68,3.4,6.3,16,115.8333333
22.4,29.5,17.1,1014,68,3.4,6.3,16,115.8333333
22.4,29.5,17.1,1014,68,3.4,6.3,16,115.8333333
24.1,29.2,14.5,1014,59,2.4,8.5,18,149.6666667
24.1,29.2,14.5,1014,59,2.4,8.5,18,149.6666667
24.1,29.2,14.5,1014,59,2.4,8.5,18,149.6666667
24.1,29.2,14.5,1014,59,2.4,8.5,18,149.6666667
24.1,29.2,14.5,1014,59,2.4,8.5,18,149.6666667
24.1,29.2,14.5,1014,59,2.4,8.5,18,149.6666667
24.1,29.2,14.5,1014,59,2.4,8.5,18,149.6666667
24.1,29.2,14.5,1014,59,2.4,8.5,18,149.6666667
24.1,29.2,14.5,1014,59,2.4,8.5,18,149.6666667
26.8,33,19,1008,61,2.3,3.5,11,160.6666667
26.8,33,19,1008,61,2.3,3.5,11,160.6666667
26.8,33,19,1008,61,2.3,3.5,11,160.6666667
26.8,33,19,1008,61,2.3,3.5,11,160.6666667
26.8,33,19,1008,61,2.3,3.5,11,160.6666667
26.8,33,19,1008,61,2.3,3.5,11,160.6666667
26.8,33,19,1008,61,2.3,3.5,11,160.6666667
26.8,33,19,1008,61,2.3,3.5,11,160.6666667
26.8,33,19,1008,61,2.3,3.5,11,160.6666667
27.1,33,19,1009,61,2.6,2.8,13,173.5833333
27.1,33,19,1009,61,2.6,2.8,13,173.5833333
27.1,33,19,1009,61,2.6,2.8,13,173.5833333
27.1,33,19,1009,61,2.6,2.8,13,173.5833333
27.1,33,19,1009,61,2.6,2.8,13,173.5833333
27.1,33,19,1009,61,2.6,2.8,13,173.5833333
27.1,33,19,1009,61,2.6,2.8,13,173.5833333
27.1,33,19,1009,61,2.6,2.8,13,173.5833333
27.1,33,19,1009,61,2.6,2.8,13,173.5833333
26.5,32.8,19.5,1010,45,2.9,12.2,25,168.625
26.5,32.8,19.5,1010,45,2.9,12.2,25,168.625
26.5,32.8,19.5,1010,45,2.9,12.2,25,168.625
26.5,32.8,19.5,1010,45,2.9,12.2,25,168.625
26.5,32.8,19.5,1010,45,2.9,12.2,25,168.625
26.5,32.8,19.5,1010,45,2.9,12.2,25,168.625
26.5,32.8,19.5,1010,45,2.9,12.2,25,168.625
26.5,32.8,19.5,1010,45,2.9,12.2,25,168.625
26.5,32.8,19.5,1010,45,2.9,12.2,25,168.625
29.8,36.2,18.2,1012,52,2.4,3.3,7,272.4166667
29.8,36.2,18.2,1012,52,2.4,3.3,7,272.4166667
29.8,36.2,18.2,1012,52,2.4,3.3,7,272.4166667
29.8,36.2,18.2,1012,52,2.4,3.3,7,272.4166667
29.8,36.2,18.2,1012,52,2.4,3.3,7,272.4166667
29.8,36.2,18.2,1012,52,2.4,3.3,7,272.4166667
29.8,36.2,18.2,1012,52,2.4,3.3,7,272.4166667
29.8,36.2,18.2,1012,52,2.4,3.3,7,272.4166667
29.8,36.2,18.2,1012,52,2.4,3.3,7,272.4166667
24.7,36.6,19.7,1012,66,2.4,9.4,14,226.2916667
24.7,36.6,19.7,1012,66,2.4,9.4,14,226.2916667
24.7,36.6,19.7,1012,66,2.4,9.4,14,226.2916667
24.7,36.6,19.7,1012,66,2.4,9.4,14,226.2916667
24.7,36.6,19.7,1012,66,2.4,9.4,14,226.2916667
24.7,36.6,19.7,1012,66,2.4,9.4,14,226.2916667
24.7,36.6,19.7,1012,66,2.4,9.4,14,226.2916667
24.7,36.6,19.7,1012,66,2.4,9.4,14,226.2916667
24.7,36.6,19.7,1012,66,2.4,9.4,14,226.2916667
26.2,32,19.5,1012,56,3.1,9.1,14,291.7083333
26.2,32,19.5,1012,56,3.1,9.1,14,291.7083333
26.2,32,19.5,1012,56,3.1,9.1,14,291.7083333
26.2,32,19.5,1012,56,3.1,9.1,14,291.7083333
26.2,32,19.5,1012,56,3.1,9.1,14,291.7083333
26.2,32,19.5,1012,56,3.1,9.1,14,291.7083333
26.2,32,19.5,1012,56,3.1,9.1,14,291.7083333
26.2,32,19.5,1012,56,3.1,9.1,14,291.7083333
26.2,32,19.5,1012,56,3.1,9.1,14,291.7083333
29.9,37,19.5,1008,39,2.7,4.4,9,217.375
29.9,37,19.5,1008,39,2.7,4.4,9,217.375
29.9,37,19.5,1008,39,2.7,4.4,9,217.375
29.9,37,19.5,1008,39,2.7,4.4,9,217.375
29.9,37,19.5,1008,39,2.7,4.4,9,217.375
29.9,37,19.5,1008,39,2.7,4.4,9,217.375
29.9,37,19.5,1008,39,2.7,4.4,9,217.375
29.9,37,19.5,1008,39,2.7,4.4,9,217.375
29.9,37,19.5,1008,39,2.7,4.4,9,217.375
15.9,22.4,8.4,1017,66,2.4,7.2,16,309.375
15.9,22.4,8.4,1017,66,2.4,7.2,16,309.375
15.9,22.4,8.4,1017,66,2.4,7.2,16,309.375
15.9,22.4,8.4,1017,66,2.4,7.2,16,309.375
15.9,22.4,8.4,1017,66,2.4,7.2,16,309.375
15.9,22.4,8.4,1017,66,2.4,7.2,16,309.375
15.9,22.4,8.4,1017,66,2.4,7.2,16,309.375
15.9,22.4,8.4,1017,66,2.4,7.2,16,309.375
15.9,22.4,8.4,1017,66,2.4,7.2,16,309.375
15.2,22.6,6.6,1018,56,1.9,8.9,22,166.9166667
15.2,22.6,6.6,1018,56,1.9,8.9,22,166.9166667
15.2,22.6,6.6,1018,56,1.9,8.9,22,166.9166667
15.2,22.6,6.6,1018,56,1.9,8.9,22,166.9166667
15.2,22.6,6.6,1018,56,1.9,8.9,22,166.9166667
15.2,22.6,6.6,1018,56,1.9,8.9,22,166.9166667
15.2,22.6,6.6,1018,56,1.9,8.9,22,166.9166667
15.2,22.6,6.6,1018,56,1.9,8.9,22,166.9166667
15.2,22.6,6.6,1018,56,1.9,8.9,22,166.9166667
12.7,19.5,8,1017,69,1.3,8.3,18,429.1666667
12.7,19.5,8,1017,69,1.3,8.3,18,429.1666667
12.7,19.5,8,1017,69,1.3,8.3,18,429.1666667
12.7,19.5,8,1017,69,1.3,8.3,18,429.1666667
12.7,19.5,8,1017,69,1.3,8.3,18,429.1666667
12.7,19.5,8,1017,69,1.3,8.3,18,429.1666667
12.7,19.5,8,1017,69,1.3,8.3,18,429.1666667
12.7,19.5,8,1017,69,1.3,8.3,18,429.1666667
12.7,19.5,8,1017,69,1.3,8.3,18,429.1666667
15.6,24.6,10.7,1015,81,1.3,2.8,9,192.3333333
15.6,24.6,10.7,1015,81,1.3,2.8,9,192.3333333
15.6,24.6,10.7,1015,81,1.3,2.8,9,192.3333333
15.6,24.6,10.7,1015,81,1.3,2.8,9,192.3333333
15.6,24.6,10.7,1015,81,1.3,2.8,9,192.3333333
15.6,24.6,10.7,1015,81,1.3,2.8,9,192.3333333
15.6,24.6,10.7,1015,81,1.3,2.8,9,192.3333333
15.6,24.6,10.7,1015,81,1.3,2.8,9,192.3333333
15.6,24.6,10.7,1015,81,1.3,2.8,9,192.3333333
17.1,23.2,9,1017,69,1.8,5.9,11,235.3333333
17.1,23.2,9,1017,69,1.8,5.9,11,235.3333333
17.1,23.2,9,1017,69,1.8,5.9,11,235.3333333
17.1,23.2,9,1017,69,1.8,5.9,11,235.3333333
17.1,23.2,9,1017,69,1.8,5.9,11,235.3333333
17.1,23.2,9,1017,69,1.8,5.9,11,235.3333333
17.1,23.2,9,1017,69,1.8,5.9,11,235.3333333
17.1,23.2,9,1017,69,1.8,5.9,11,235.3333333
17.1,23.2,9,1017,69,1.8,5.9,11,235.3333333
17.6,24,10.1,1014,67,1.4,5.9,14,153.2916667
17.6,24,10.1,1014,67,1.4,5.9,14,153.2916667
17.6,24,10.1,1014,67,1.4,5.9,14,153.2916667
17.6,24,10.1,1014,67,1.4,5.9,14,153.2916667
17.6,24,10.1,1014,67,1.4,5.9,14,153.2916667
17.6,24,10.1,1014,67,1.4,5.9,14,153.2916667
17.6,24,10.1,1014,67,1.4,5.9,14,153.2916667
17.6,24,10.1,1014,67,1.4,5.9,14,153.2916667
17.6,24,10.1,1014,67,1.4,5.9,14,153.2916667
17.2,26,11.5,1014,65,2.3,5.7,14,221.5416667
17.2,26,11.5,1014,65,2.3,5.7,14,221.5416667
17.2,26,11.5,1014,65,2.3,5.7,14,221.5416667
17.2,26,11.5,1014,65,2.3,5.7,14,221.5416667
17.2,26,11.5,1014,65,2.3,5.7,14,221.5416667
17.2,26,11.5,1014,65,2.3,5.7,14,221.5416667
17.2,26,11.5,1014,65,2.3,5.7,14,221.5416667
17.2,26,11.5,1014,65,2.3,5.7,14,221.5416667
17.2,26,11.5,1014,65,2.3,5.7,14,221.5416667
17.7,24.4,9.7,1017,64,2.1,8,18,210.5416667
17.7,24.4,9.7,1017,64,2.1,8,18,210.5416667
17.7,24.4,9.7,1017,64,2.1,8,18,210.5416667
17.7,24.4,9.7,1017,64,2.1,8,18,210.5416667
17.7,24.4,9.7,1017,64,2.1,8,18,210.5416667
17.7,24.4,9.7,1017,64,2.1,8,18,210.5416667
17.7,24.4,9.7,1017,64,2.1,8,18,210.5416667
17.7,24.4,9.7,1017,64,2.1,8,18,210.5416667
17.7,24.4,9.7,1017,64,2.1,8,18,210.5416667
17.4,24.4,10.1,1018,61,2.3,6.1,11,251.2083333
17.4,24.4,10.1,1018,61,2.3,6.1,11,251.2083333
17.4,24.4,10.1,1018,61,2.3,6.1,11,251.2083333
17.4,24.4,10.1,1018,61,2.3,6.1,11,251.2083333
17.4,24.4,10.1,1018,61,2.3,6.1,11,251.2083333
17.4,24.4,10.1,1018,61,2.3,6.1,11,251.2083333
17.4,24.4,10.1,1018,61,2.3,6.1,11,251.2083333
17.4,24.4,10.1,1018,61,2.3,6.1,11,251.2083333
17.4,24.4,10.1,1018,61,2.3,6.1,11,251.2083333
23.1,30,15.6,1014,71,1.4,4.1,9,194.7083333
23.1,30,15.6,1014,71,1.4,4.1,9,194.7083333
23.1,30,15.6,1014,71,1.4,4.1,9,194.7083333
23.1,30,15.6,1014,71,1.4,4.1,9,194.7083333
23.1,30,15.6,1014,71,1.4,4.1,9,194.7083333
23.1,30,15.6,1014,71,1.4,4.1,9,194.7083333
23.1,30,15.6,1014,71,1.4,4.1,9,194.7083333
23.1,30,15.6,1014,71,1.4,4.1,9,194.7083333
23.1,30,15.6,1014,71,1.4,4.1,9,194.7083333
23.7,29.8,18.7,1014,75,1.4,11.1,18,250.875
23.7,29.8,18.7,1014,75,1.4,11.1,18,250.875
23.7,29.8,18.7,1014,75,1.4,11.1,18,250.875
23.7,29.8,18.7,1014,75,1.4,11.1,18,250.875
23.7,29.8,18.7,1014,75,1.4,11.1,18,250.875
23.7,29.8,18.7,1014,75,1.4,11.1,18,250.875
23.7,29.8,18.7,1014,75,1.4,11.1,18,250.875
23.7,29.8,18.7,1014,75,1.4,11.1,18,250.875
23.7,29.8,18.7,1014,75,1.4,11.1,18,250.875
20.9,27.8,15.8,1014,62,2.6,17.2,27,274.875
20.9,27.8,15.8,1014,62,2.6,17.2,27,274.875
20.9,27.8,15.8,1014,62,2.6,17.2,27,274.875
20.9,27.8,15.8,1014,62,2.6,17.2,27,274.875
20.9,27.8,15.8,1014,62,2.6,17.2,27,274.875
20.9,27.8,15.8,1014,62,2.6,17.2,27,274.875
20.9,27.8,15.8,1014,62,2.6,17.2,27,274.875
20.9,27.8,15.8,1014,62,2.6,17.2,27,274.875
20.9,27.8,15.8,1014,62,2.6,17.2,27,274.875
22.6,30.3,11.5,1015,57,2.4,5.4,11,160
22.6,30.3,11.5,1015,57,2.4,5.4,11,160
22.6,30.3,11.5,1015,57,2.4,5.4,11,160
22.6,30.3,11.5,1015,57,2.4,5.4,11,160
22.6,30.3,11.5,1015,57,2.4,5.4,11,160
22.6,30.3,11.5,1015,57,2.4,5.4,11,160
22.6,30.3,11.5,1015,57,2.4,5.4,11,160
22.6,30.3,11.5,1015,57,2.4,5.4,11,160
22.6,30.3,11.5,1015,57,2.4,5.4,11,160
22.7,30.4,12.8,1017,56,2.6,2.4,7,217.9166667
22.7,30.4,12.8,1017,56,2.6,2.4,7,217.9166667
22.7,30.4,12.8,1017,56,2.6,2.4,7,217.9166667
22.7,30.4,12.8,1017,56,2.6,2.4,7,217.9166667
22.7,30.4,12.8,1017,56,2.6,2.4,7,217.9166667
22.7,30.4,12.8,1017,56,2.6,2.4,7,217.9166667
22.7,30.4,12.8,1017,56,2.6,2.4,7,217.9166667
22.7,30.4,12.8,1017,56,2.6,2.4,7,217.9166667
22.7,30.4,12.8,1017,56,2.6,2.4,7,217.9166667
22.7,30.6,13,1018,58,2.4,3.3,7,184.2083333
22.7,30.6,13,1018,58,2.4,3.3,7,184.2083333
22.7,30.6,13,1018,58,2.4,3.3,7,184.2083333
22.7,30.6,13,1018,58,2.4,3.3,7,184.2083333
22.7,30.6,13,1018,58,2.4,3.3,7,184.2083333
22.7,30.6,13,1018,58,2.4,3.3,7,184.2083333
22.7,30.6,13,1018,58,2.4,3.3,7,184.2083333
22.7,30.6,13,1018,58,2.4,3.3,7,184.2083333
22.7,30.6,13,1018,58,2.4,3.3,7,184.2083333
16.9,25.1,6.6,1021,65,1.1,2,7,176.375
16.9,25.1,6.6,1021,65,1.1,2,7,176.375
16.9,25.1,6.6,1021,65,1.1,2,7,176.375
16.9,25.1,6.6,1021,65,1.1,2,7,176.375
16.9,25.1,6.6,1021,65,1.1,2,7,176.375
16.9,25.1,6.6,1021,65,1.1,2,7,176.375
16.9,25.1,6.6,1021,65,1.1,2,7,176.375
16.9,25.1,6.6,1021,65,1.1,2,7,176.375
16.9,25.1,6.6,1021,65,1.1,2,7,176.375
15.5,24.1,7.7,1021,71,1.1,3.5,11,185.9583333
15.5,24.1,7.7,1021,71,1.1,3.5,11,185.9583333
15.5,24.1,7.7,1021,71,1.1,3.5,11,185.9583333
15.5,24.1,7.7,1021,71,1.1,3.5,11,185.9583333
15.5,24.1,7.7,1021,71,1.1,3.5,11,185.9583333
15.5,24.1,7.7,1021,71,1.1,3.5,11,185.9583333
15.5,24.1,7.7,1021,71,1.1,3.5,11,185.9583333
15.5,24.1,7.7,1021,71,1.1,3.5,11,185.9583333
15.5,24.1,7.7,1021,71,1.1,3.5,11,185.9583333
14.9,22.8,8,1018,73,1.1,5.9,13,195.375
14.9,22.8,8,1018,73,1.1,5.9,13,195.375
14.9,22.8,8,1018,73,1.1,5.9,13,195.375
14.9,22.8,8,1018,73,1.1,5.9,13,195.375
14.9,22.8,8,1018,73,1.1,5.9,13,195.375
14.9,22.8,8,1018,73,1.1,5.9,13,195.375
14.9,22.8,8,1018,73,1.1,5.9,13,195.375
14.9,22.8,8,1018,73,1.1,5.9,13,195.375
14.9,22.8,8,1018,73,1.1,5.9,13,195.375
18.3,24.7,11.5,1018,85,0.5,1.1,7,365.2916667
18.3,24.7,11.5,1018,85,0.5,1.1,7,365.2916667
18.3,24.7,11.5,1018,85,0.5,1.1,7,365.2916667
18.3,24.7,11.5,1018,85,0.5,1.1,7,365.2916667
18.3,24.7,11.5,1018,85,0.5,1.1,7,365.2916667
18.3,24.7,11.5,1018,85,0.5,1.1,7,365.2916667
18.3,24.7,11.5,1018,85,0.5,1.1,7,365.2916667
18.3,24.7,11.5,1018,85,0.5,1.1,7,365.2916667
18.3,24.7,11.5,1018,85,0.5,1.1,7,365.2916667
16.5,24.7,12,1017,82,0.6,8,13,312.2083333
16.5,24.7,12,1017,82,0.6,8,13,312.2083333
16.5,24.7,12,1017,82,0.6,8,13,312.2083333
16.5,24.7,12,1017,82,0.6,8,13,312.2083333
16.5,24.7,12,1017,82,0.6,8,13,312.2083333
16.5,24.7,12,1017,82,0.6,8,13,312.2083333
16.5,24.7,12,1017,82,0.6,8,13,312.2083333
16.5,24.7,12,1017,82,0.6,8,13,312.2083333
16.5,24.7,12,1017,82,0.6,8,13,312.2083333
16.6,22.2,10.2,1015,65,1.8,10,20,237.625
16.6,22.2,10.2,1015,65,1.8,10,20,237.625
16.6,22.2,10.2,1015,65,1.8,10,20,237.625
16.6,22.2,10.2,1015,65,1.8,10,20,237.625
16.6,22.2,10.2,1015,65,1.8,10,20,237.625
16.6,22.2,10.2,1015,65,1.8,10,20,237.625
16.6,22.2,10.2,1015,65,1.8,10,20,237.625
16.6,22.2,10.2,1015,65,1.8,10,20,237.625
16.6,22.2,10.2,1015,65,1.8,10,20,237.625
18.2,25.1,12,1014,77,0.6,5,11,202.875
18.2,25.1,12,1014,77,0.6,5,11,202.875
18.2,25.1,12,1014,77,0.6,5,11,202.875
18.2,25.1,12,1014,77,0.6,5,11,202.875
18.2,25.1,12,1014,77,0.6,5,11,202.875
18.2,25.1,12,1014,77,0.6,5,11,202.875
18.2,25.1,12,1014,77,0.6,5,11,202.875
18.2,25.1,12,1014,77,0.6,5,11,202.875
18.2,25.1,12,1014,77,0.6,5,11,202.875
15.6,23.2,10.9,1015,82,0.6,4.3,9,260.1666667
15.6,23.2,10.9,1015,82,0.6,4.3,9,260.1666667
15.6,23.2,10.9,1015,82,0.6,4.3,9,260.1666667
15.6,23.2,10.9,1015,82,0.6,4.3,9,260.1666667
15.6,23.2,10.9,1015,82,0.6,4.3,9,260.1666667
15.6,23.2,10.9,1015,82,0.6,4.3,9,260.1666667
15.6,23.2,10.9,1015,82,0.6,4.3,9,260.1666667
15.6,23.2,10.9,1015,82,0.6,4.3,9,260.1666667
15.6,23.2,10.9,1015,82,0.6,4.3,9,260.1666667
13,19,9.6,1016,85,0.8,10.7,16,403.9583333
13,19,9.6,1016,85,0.8,10.7,16,403.9583333
13,19,9.6,1016,85,0.8,10.7,16,403.9583333
13,19,9.6,1016,85,0.8,10.7,16,403.9583333
13,19,9.6,1016,85,0.8,10.7,16,403.9583333
13,19,9.6,1016,85,0.8,10.7,16,403.9583333
13,19,9.6,1016,85,0.8,10.7,16,403.9583333
13,19,9.6,1016,85,0.8,10.7,16,403.9583333
13,19,9.6,1016,85,0.8,10.7,16,403.9583333
12.3,19,8.9,1015,91,0.5,4.6,9,284.1666667
12.3,19,8.9,1015,91,0.5,4.6,9,284.1666667
12.3,19,8.9,1015,91,0.5,4.6,9,284.1666667
12.3,19,8.9,1015,91,0.5,4.6,9,284.1666667
12.3,19,8.9,1015,91,0.5,4.6,9,284.1666667
12.3,19,8.9,1015,91,0.5,4.6,9,284.1666667
12.3,19,8.9,1015,91,0.5,4.6,9,284.1666667
12.3,19,8.9,1015,91,0.5,4.6,9,284.1666667
12.3,19,8.9,1015,91,0.5,4.6,9,284.1666667
11.9,15.7,7.5,1018,86,0.8,6.1,11,288.4166667
11.9,15.7,7.5,1018,86,0.8,6.1,11,288.4166667
11.9,15.7,7.5,1018,86,0.8,6.1,11,288.4166667
11.9,15.7,7.5,1018,86,0.8,6.1,11,288.4166667
11.9,15.7,7.5,1018,86,0.8,6.1,11,288.4166667
11.9,15.7,7.5,1018,86,0.8,6.1,11,288.4166667
11.9,15.7,7.5,1018,86,0.8,6.1,11,288.4166667
11.9,15.7,7.5,1018,86,0.8,6.1,11,288.4166667
11.9,15.7,7.5,1018,86,0.8,6.1,11,288.4166667
12,17,6.7,1019,75,1.3,7.6,13,256.8333333
12,17,6.7,1019,75,1.3,7.6,13,256.8333333
12,17,6.7,1019,75,1.3,7.6,13,256.8333333
12,17,6.7,1019,75,1.3,7.6,13,256.8333333
12,17,6.7,1019,75,1.3,7.6,13,256.8333333
12,17,6.7,1019,75,1.3,7.6,13,256.8333333
12,17,6.7,1019,75,1.3,7.6,13,256.8333333
12,17,6.7,1019,75,1.3,7.6,13,256.8333333
12,17,6.7,1019,75,1.3,7.6,13,256.8333333
11.7,18,6.4,1017,76,0.8,4.4,13,169
11.7,18,6.4,1017,76,0.8,4.4,13,169
11.7,18,6.4,1017,76,0.8,4.4,13,169
11.7,18,6.4,1017,76,0.8,4.4,13,169
11.7,18,6.4,1017,76,0.8,4.4,13,169
11.7,18,6.4,1017,76,0.8,4.4,13,169
11.7,18,6.4,1017,76,0.8,4.4,13,169
11.7,18,6.4,1017,76,0.8,4.4,13,169
11.7,18,6.4,1017,76,0.8,4.4,13,169
14.6,21,6.8,1015,81,0.6,2.4,7,186.0416667
14.6,21,6.8,1015,81,0.6,2.4,7,186.0416667
14.6,21,6.8,1015,81,0.6,2.4,7,186.0416667
14.6,21,6.8,1015,81,0.6,2.4,7,186.0416667
14.6,21,6.8,1015,81,0.6,2.4,7,186.0416667
14.6,21,6.8,1015,81,0.6,2.4,7,186.0416667
14.6,21,6.8,1015,81,0.6,2.4,7,186.0416667
14.6,21,6.8,1015,81,0.6,2.4,7,186.0416667
14.6,21,6.8,1015,81,0.6,2.4,7,186.0416667
17.7,24,9,1014,69,1.4,4.4,9,185.5833333
17.7,24,9,1014,69,1.4,4.4,9,185.5833333
17.7,24,9,1014,69,1.4,4.4,9,185.5833333
17.7,24,9,1014,69,1.4,4.4,9,185.5833333
17.7,24,9,1014,69,1.4,4.4,9,185.5833333
17.7,24,9,1014,69,1.4,4.4,9,185.5833333
17.7,24,9,1014,69,1.4,4.4,9,185.5833333
17.7,24,9,1014,69,1.4,4.4,9,185.5833333
17.7,24,9,1014,69,1.4,4.4,9,185.5833333
